lat,long,gps_alt,sats,total acc,gyro,gyro 1,gyro 2,baro altitude,baro pressure,temp,humid,addres,dist,last gps,time ms,,,
37.29702,-3.68295,753.4,4,0,0,0,0,693.3,934.31,31.23,34.57,0,-1,53,503321,0,0,0
37.297016,-3.682949,754.9,4,0,0,0,0,685.6,935.18,31.41,34.42,12345674,2.21,32,504399,0,0,0
37.297012,-3.682946,754.5,4,0,0,0,0,693.9,934.24,31.46,34.17,12345671,-1,31,505479,0,0,0
37.297012,-3.682946,754.5,4,0,0,0,0,683.8,935.38,31.44,34.02,12345672,-1,1119,506567,0,0,0
37.297012,-3.682946,754.5,4,0,0,0,0,692.6,934.39,31.43,33.83,12345673,-1,2203,507651,0,0,0
37.297012,-3.682946,754.5,4,0,0,0,0,689.8,934.71,31.46,33.61,12345674,2.16,3296,508744,0,0,0
37.297012,-3.682946,754.5,4,0,0,0,0,691.2,934.55,31.44,33.46,12345671,-1,4422,509870,0,0,0
37.29707,-3.682977,745.8,4,0,0,0,0,689.4,934.75,31.37,33.38,12345672,-1,30,510956,0,0,0
37.297089,-3.682981,743.9,4,0,0,0,0,687.7,934.94,31.41,33.39,12345673,-1,30,512046,0,0,0
37.297089,-3.682981,743.9,4,0,0,0,0,679.6,935.85,31.5,33.45,12345674,1.89,1115,513131,0,0,0
37.296902,-3.682851,745.9,4,0,0,0,0,695.4,934.08,31.5,34.01,0,-1,9359,658185,0,0,0
37.296932,-3.682902,703.2,4,0,0,0,0,687.6,934.95,31.46,33.93,12345674,1.98,32,659285,0,0,0
37.296932,-3.682902,703.2,4,0,0,0,0,692.6,934.39,31.32,33.91,12345671,-1,1130,660383,0,0,0
37.296932,-3.682902,703.2,4,0,0,0,0,685.9,935.14,31.44,33.99,12345672,38.9,2268,661521,0,0,0
37.29694,-3.682911,742.4,4,0,0,0,0,684.3,935.33,31.37,34.13,12345673,-1,31,662612,0,0,0
37.29694,-3.682911,742.4,4,0,0,0,0,685.9,935.14,31.44,34.23,12345674,2.3,1128,663709,0,0,0
37.29694,-3.682911,742.4,4,0,0,0,0,690.8,934.59,31.41,34.21,12345671,-1,2224,664805,0,0,0
37.296986,-3.682904,742.4,4,0,0,0,0,694.3,934.2,31.44,34.19,12345672,41.87,31,665905,0,0,0
37.297005,-3.682903,742.4,4,0,0,0,0,687.7,934.94,31.35,34.22,12345673,-1,32,667005,0,0,0
37.297001,-3.682894,736.3,4,0,0,0,0,694.7,934.16,31.37,34.25,12345674,2.12,32,668112,0,0,0
37.297009,-3.682944,717.4,4,0,0,0,0,690.1,934.67,31.39,35.5,0,-1,54,726246,0,0,0
37.297012,-3.682944,718,4,0,0,0,0,687,935.02,31.44,35.68,12345674,2.34,32,727318,0,0,0
37.297028,-3.682954,718.6,4,0,0,0,0,685.9,935.15,31.61,35.61,12345671,-1,31,728389,0,0,0
37.297043,-3.682964,719.4,4,0,0,0,0,695.7,934.04,31.37,35.44,12345672,41.15,31,729463,0,0,0
37.297058,-3.682971,720.5,4,0,0,0,0,690.1,934.67,31.5,35.73,12345673,-1,32,730542,0,0,0
37.297043,-3.682964,720.6,4,0,0,0,0,683.1,935.46,31.48,35.74,12345674,2.48,32,731623,0,0,0
37.297043,-3.682964,720.6,4,0,0,0,0,685.6,935.18,31.46,35.65,12345671,-1,1119,732710,0,0,0
37.297043,-3.682964,720.6,4,0,0,0,0,690.4,934.64,31.59,35.42,12345672,43.72,2205,733796,0,0,0
37.297043,-3.682964,720.6,4,0,0,0,0,691.2,934.55,31.5,35.31,12345673,-1,3318,734909,0,0,0
37.297054,-3.682957,720.6,4,0,0,0,0,686.9,935.03,31.5,35.17,12345674,2.21,32,735984,0,0,0
37.297104,-3.682979,732.6,4,0,0,0,0,683.8,935.38,32.29,35.36,0,-1,53,800145,0,0,0
37.297115,-3.682975,732,4,0,0,0,0,682.1,935.57,32.22,35.33,12345672,-1,31,801222,0,0,0
37.297123,-3.682972,732.3,4,0,0,0,0,684.3,935.33,32.17,35.09,12345673,-1,31,802308,0,0,0
37.297123,-3.68297,732.5,4,0,0,0,0,686.7,935.06,32.31,34.93,12345674,1.67,31,803399,0,0,0
37.297127,-3.682968,732.8,4,0,0,0,0,690.2,934.66,32.13,34.82,12345671,-1,31,804490,0,0,0
37.297127,-3.682966,733.9,4,0,0,0,0,687,935.02,32.29,34.51,12345672,64.5,32,805579,0,0,0
37.297127,-3.682966,733.9,4,0,0,0,0,684.2,935.34,32.27,34.46,12345673,-1,1160,806707,0,0,0
37.297127,-3.682966,733.9,4,0,0,0,0,685.6,935.18,32.31,34.43,12345674,-1,2242,807789,0,0,0
37.297127,-3.682966,733.9,4,0,0,0,0,690.5,934.63,32.22,34.42,12345671,-1,3325,808872,0,0,0
37.297127,-3.682966,733.9,4,0,0,0,0,691.9,934.47,32.36,34.45,12345672,44.22,4407,809954,0,0,0
37.297127,-3.682935,729.5,4,0,0,0,0,691.9,934.47,32.31,34.37,0,-1,2753,815489,0,0,0
37.297123,-3.682927,730.9,4,0,0,0,0,692.6,934.39,32.33,34.3,12345672,37.55,32,816586,0,0,0
37.297123,-3.682927,730.9,4,0,0,0,0,691.1,934.56,32.4,34.5,12345673,-1,1130,817684,0,0,0
37.297123,-3.682927,730.9,4,0,0,0,0,687.3,934.99,32.38,34.56,12345674,1.89,2227,818781,0,0,0
37.297123,-3.682927,730.9,4,0,0,0,0,688.3,934.87,32.33,34.58,12345671,-1,3354,819908,0,0,0
37.297062,-3.682907,730.9,4,0,0,0,0,687.6,934.95,32.36,34.61,12345672,44.17,32,820999,0,0,0
37.297058,-3.682906,733.8,4,0,0,0,0,688.3,934.87,32.33,34.51,12345673,-1,31,822089,0,0,0
37.297047,-3.682908,733.7,4,0,0,0,0,693.9,934.24,32.31,34.58,12345674,1.76,32,823184,0,0,0
37.297039,-3.682913,733.9,4,0,0,0,0,681.8,935.61,32.29,34.46,12345671,-1,31,824286,0,0,0
37.297028,-3.682909,734.2,4,0,0,0,0,687.3,934.99,32.49,34.78,12345672,49.17,31,825389,0,0,0
37.297028,-3.682909,734.2,4,0,0,0,0,692.6,934.39,32.33,36.11,0,-1,3816,829174,0,0,0
37.297028,-3.682909,734.2,4,0,0,0,0,688.3,934.88,32.54,36.12,12345672,-1,4890,830248,0,0,0
37.297028,-3.682909,734.2,4,0,0,0,0,689.1,934.79,32.45,35.83,12345673,-1,6000,831358,0,0,0
37.297028,-3.682909,734.2,4,0,0,0,0,685.5,935.19,32.42,35.3,12345674,2.66,7071,832429,0,0,0
37.297028,-3.682909,734.2,4,0,0,0,0,688.3,934.87,32.38,34.72,12345671,-1,8144,833502,0,0,0
37.297028,-3.682909,734.2,4,0,0,0,0,693.6,934.28,32.38,34.08,12345672,-1,9218,834576,0,0,0
37.297028,-3.682909,734.2,4,0,0,0,0,682,935.58,32.38,33.77,12345673,-1,10298,835656,0,0,0
37.297028,-3.682909,734.2,4,0,0,0,0,684.5,935.3,32.36,33.56,12345674,-1,11377,836735,0,0,0
37.297028,-3.682909,734.2,4,0,0,0,0,691.5,934.51,32.38,33.5,12345671,-1,12456,837814,0,0,0
37.296959,-3.682875,734.2,3,0,0,0,0,690.5,934.63,32.38,33.59,12345672,-1,31,838897,0,0,0
37.296799,-3.683064,694.7,5,0,0,0,0,684.9,935.26,32.29,33.12,0,-1,271,896323,0,0,0
37.296806,-3.683061,699.1,5,0,0,0,0,686.6,935.07,32.42,33.07,12345673,-1,31,897404,0,0,0
37.296806,-3.683062,699.8,5,0,0,0,0,695.7,934.04,32.33,33.26,12345674,2.25,31,898486,0,0,0
37.29681,-3.683062,700.3,5,0,0,0,0,686.9,935.03,32.35,33.48,12345671,-1,31,899576,0,0,0
37.29681,-3.68306,701.7,5,0,0,0,0,688.3,934.87,32.33,33.56,12345672,52.1,32,900662,0,0,0
37.29681,-3.68306,701.7,5,0,0,0,0,684.2,935.34,32.38,33.68,12345673,-1,1122,901752,0,0,0
37.29681,-3.68306,701.7,5,0,0,0,0,681.3,935.66,32.47,33.78,12345674,2.43,2210,902840,0,0,0
37.29681,-3.683059,701.7,5,0,0,0,0,686.9,935.03,32.45,34.22,12345671,-1,31,903925,0,0,0
37.29681,-3.683059,701.7,5,0,0,0,0,680.6,935.74,32.45,34.36,12345672,-1,1159,905053,0,0,0
37.296814,-3.683052,703.7,5,0,0,0,0,683.8,935.38,32.45,34.38,12345673,-1,31,906138,0,0,0
37.296978,-3.682886,745.3,5,0,0,0,0,685.9,935.15,33.57,31.17,0,-1,1036,1284762,0,0,0
37.296978,-3.682886,745.3,5,0,0,0,0,688.3,934.87,33.56,31,12345673,-1,2130,1285856,0,0,0
37.296978,-3.682885,745.3,5,0,0,0,0,685.9,935.15,33.63,30.73,12345674,2.75,32,1286945,0,0,0
37.296978,-3.682884,745.3,5,0,0,0,0,689.1,934.79,33.63,30.68,12345671,-1,31,1288036,0,0,0
37.296978,-3.682879,745.8,5,0,0,0,0,685.9,935.15,33.57,30.67,12345672,32.77,32,1289132,0,0,0
37.296978,-3.682879,745.8,5,0,0,0,0,690.7,934.6,33.65,30.61,12345673,-1,1124,1290224,0,0,0
37.296978,-3.682876,745.8,5,0,0,0,0,684.8,935.27,33.63,30.7,12345674,2.3,31,1291352,0,0,0
37.296978,-3.682881,745.4,5,0,0,0,0,680.3,935.78,33.59,30.67,12345671,-1,31,1292446,0,0,0
37.296982,-3.682877,745.3,5,0,0,0,0,685.5,935.19,33.65,30.77,12345672,37.68,32,1293543,0,0,0
37.296986,-3.682869,745.1,5,0,0,0,0,689.3,934.76,33.66,30.73,12345673,-1,31,1294641,0,0,0
37.297279,-3.682778,725.8,6,0,0,0,0,686.5,935.08,33.97,32.49,0,-1,44,1516090,0,0,0
37.297279,-3.682781,725.7,6,0,0,0,0,692.8,934.37,33.97,32.34,12345671,-1,30,1517232,0,0,0
37.297279,-3.682781,725.4,6,0,0,0,0,692.4,934.41,33.99,32.41,12345672,32.36,32,1518308,0,0,0
37.297279,-3.682779,725.5,6,0,0,0,0,692.8,934.37,34.13,32.41,12345673,-1,31,1519384,0,0,0
37.297279,-3.68278,726,6,0,0,0,0,692.1,934.45,34.01,32.36,12345674,2.52,31,1520502,0,0,0
37.297279,-3.682769,726,6,0,0,0,0,687.2,935,33.99,32.47,12345671,-1,31,1521577,0,0,0
37.297279,-3.682769,726,6,0,0,0,0,689,934.8,34.01,32.44,12345672,36.24,1117,1522663,0,0,0
37.297279,-3.682769,726,6,0,0,0,0,690.4,934.64,33.94,32.36,12345673,-1,2199,1523745,0,0,0
37.297279,-3.682769,726,6,0,0,0,0,691,934.57,34.06,32.44,12345674,-1,3299,1524845,0,0,0
37.297279,-3.682769,726,6,0,0,0,0,688.6,934.84,33.86,32.48,12345671,-1,4387,1525933,0,0,0
37.297283,-3.682792,721.7,9,0,0,0,0,684,935.36,34.26,33.41,0,-1,289,1627118,0,0,0
37.297283,-3.682792,721.6,8,0,0,0,0,695.9,934.02,34.3,33.25,12345673,-1,31,1628198,0,0,0
37.297283,-3.682793,721.5,8,0,0,0,0,689.6,934.73,34.24,33.3,12345674,2.97,31,1629313,0,0,0
37.297283,-3.682793,721.5,8,0,0,0,0,691.4,934.53,34.21,33.34,12345671,-1,31,1630399,0,0,0
37.297283,-3.682792,721.1,8,0,0,0,0,688.9,934.81,34.22,33.34,12345672,31.05,31,1631493,0,0,0
37.297283,-3.682793,721,9,0,0,0,0,689.6,934.73,34.41,33.35,12345673,-1,31,1632582,0,0,0
37.297279,-3.682789,720.4,9,0,0,0,0,693.1,934.33,34.22,33.38,12345674,3.02,31,1633669,0,0,0
37.297279,-3.682789,720.4,9,0,0,0,0,687.1,935.01,34.26,33.39,12345671,-1,1123,1634761,0,0,0
37.297279,-3.682789,720.4,9,0,0,0,0,689.6,934.73,34.3,33.38,12345672,31.05,2208,1635846,0,0,0
37.297279,-3.682789,720.4,9,0,0,0,0,688.9,934.81,34.28,33.44,12345673,-1,3292,1636930,0,0,0
37.29797,-3.683332,719,11,0,0,0,0,681.4,935.65,34.93,34.85,0,-1,53,1836061,0,0,0
37.29797,-3.683332,718.8,11,0,0,0,0,692.3,934.43,34.86,34.84,12345672,20.51,32,1837150,0,0,0
37.29797,-3.683333,718.8,11,0,0,0,0,690.2,934.66,34.86,34.8,12345673,-1,31,1838240,0,0,0
37.297974,-3.683333,718.8,11,0,0,0,0,684.9,935.26,34.86,34.86,12345674,2.57,31,1839341,0,0,0
37.297974,-3.683332,718.8,11,0,0,0,0,690.9,934.58,34.82,34.86,12345671,-1,30,1840430,0,0,0
37.297974,-3.683332,719.1,11,0,0,0,0,691.9,934.47,34.87,34.87,12345672,19.88,31,1841520,0,0,0
37.297974,-3.683332,718.8,11,0,0,0,0,688.8,934.82,34.87,34.85,12345673,-1,31,1842612,0,0,0
37.297974,-3.683332,718.5,11,0,0,0,0,691.6,934.5,34.78,34.86,12345674,2.88,32,1843699,0,0,0
37.297974,-3.683332,718.5,11,0,0,0,0,684.9,935.26,35.02,34.82,12345671,-1,1170,1844837,0,0,0
37.297974,-3.683332,718.5,11,0,0,0,0,685.2,935.22,34.84,34.84,12345672,19.02,2275,1845942,0,0,0
37.297974,-3.683328,715.2,11,0,0,0,0,687.4,934.98,35,34.88,0,-1,45,1862808,0,0,0
37.297974,-3.683328,715.2,11,0,0,0,0,683.5,935.42,34.98,34.9,12345671,-1,1165,1863928,0,0,0
37.297974,-3.683328,715.2,11,0,0,0,0,691.5,934.51,34.95,34.86,12345672,20.73,2240,1865003,0,0,0
37.29797,-3.683327,715.7,11,0,0,0,0,694,934.23,34.93,34.87,12345673,-1,30,1866074,0,0,0
37.297974,-3.683326,716,11,0,0,0,0,692.3,934.43,34.91,34.82,12345674,2.52,31,1867150,0,0,0
37.297974,-3.683326,716.1,10,0,0,0,0,694.4,934.19,34.91,34.85,12345671,-1,31,1868230,0,0,0
37.297974,-3.683326,716,10,0,0,0,0,690.6,934.62,34.89,34.8,12345672,21,31,1869345,0,0,0
37.29797,-3.683326,716,10,0,0,0,0,687,935.02,34.91,34.83,12345673,-1,31,1870422,0,0,0
37.29797,-3.683326,716,11,0,0,0,0,689.9,934.7,34.93,34.86,12345674,3.11,31,1871513,0,0,0
37.29797,-3.683326,716,11,0,0,0,0,690.1,934.67,35.02,34.91,12345671,-1,31,1872588,0,0,0
37.297977,-3.683311,716.3,12,0,0,0,0,689.1,934.79,35.18,35.16,0,-1,52,1980793,0,0,0
37.297977,-3.683311,716.3,12,0,0,0,0,691.5,934.51,35.22,35.11,12345673,-1,1133,1981874,0,0,0
37.297977,-3.683311,716.3,12,0,0,0,0,689.8,934.71,35.2,35.08,12345674,2.52,31,1982962,0,0,0
37.297977,-3.683311,716.3,12,0,0,0,0,687.3,934.99,35.22,35.13,12345671,-1,32,1984044,0,0,0
37.297977,-3.683311,716.3,12,0,0,0,0,689.4,934.75,35.16,35.16,12345672,20.15,1168,1985180,0,0,0
37.297977,-3.683311,716.4,12,0,0,0,0,692.3,934.43,35.29,35.08,12345673,-1,31,1986271,0,0,0
37.297977,-3.683311,716.5,12,0,0,0,0,691.2,934.55,35.24,35.09,12345674,2.84,31,1987353,0,0,0
37.297974,-3.683312,716.5,12,0,0,0,0,681.3,935.66,35.25,35.04,12345671,-1,31,1988443,0,0,0
37.297974,-3.683312,716.4,12,0,0,0,0,691.2,934.55,35.18,35.18,12345672,20.73,32,1989531,0,0,0
37.297974,-3.683312,716.4,12,0,0,0,0,694.7,934.15,35.22,35.14,12345673,-1,30,1990612,0,0,0
37.29797,-3.68332,717.5,12,0,0,0,0,701.4,933.4,35.25,35.28,0,-1,53,2023927,0,0,0
37.29797,-3.68332,717.5,12,0,0,0,0,682.8,935.5,35.4,35.25,12345674,2.52,1145,2025019,0,0,0
37.297974,-3.68332,717.3,12,0,0,0,0,690.5,934.63,35.33,35.2,12345671,-1,30,2026152,0,0,0
37.29797,-3.683319,717.1,12,0,0,0,0,692.3,934.43,35.4,35.24,12345672,20.6,31,2027242,0,0,0
37.29797,-3.683319,717,12,0,0,0,0,691.9,934.47,35.36,35.24,12345673,-1,31,2028337,0,0,0
37.29797,-3.683319,716.9,12,0,0,0,0,687.3,934.99,35.38,35.18,12345674,2.48,31,2029423,0,0,0
37.29797,-3.68332,716.9,12,0,0,0,0,681,935.7,35.27,35.19,12345671,-1,31,2030521,0,0,0
37.29797,-3.68332,716.8,12,0,0,0,0,686.2,935.11,35.43,35.23,12345672,20.82,31,2031613,0,0,0
37.29797,-3.68332,716.8,12,0,0,0,0,688.3,934.87,35.38,35.19,12345673,-1,1128,2032710,0,0,0
37.29797,-3.68332,716.8,12,0,0,0,0,693.7,934.27,35.38,35.22,12345674,2.79,2225,2033807,0,0,0
37.298187,-3.68357,718,12,0,0,0,0,674.9,936.38,40.31,35.82,0,-1,821,3187588,0,0,0
37.298183,-3.68357,718,12,0,0,0,0,654.5,938.69,40.44,35.68,0,-1,23,3187689,0,0,0
37.298183,-3.68357,718.5,12,0,0,0,0,676.8,936.17,40.38,35.76,0,-1,22,3187788,0,0,0
37.298183,-3.68357,718.5,12,0,0,0,0,678.2,936.01,40.42,35.65,0,-1,122,3187888,0,0,0
37.298183,-3.68357,718.5,12,0,0,0,0,682.8,935.5,40.29,35.65,0,-1,222,3187988,0,0,0
37.298183,-3.68357,718.5,12,0,0,0,0,695.6,934.05,40.51,35.65,12345673,-1,330,3188096,0,0,0
37.298183,-3.68357,718.5,12,0,0,0,0,698.5,933.73,40.31,35.67,12345674,2.88,430,3188196,0,0,0
37.298183,-3.68357,718.5,12,0,0,0,0,696.7,933.93,40.4,35.77,12345671,32.81,529,3188295,0,0,0
37.298183,-3.68357,718.5,12,0,0,0,0,718.3,931.5,40.22,35.67,12345672,17.08,630,3188396,0,0,0
37.298183,-3.68357,718.5,12,0,0,0,0,716.3,931.73,40.44,35.66,12345673,48.5,730,3188496,0,0,0
37.298183,-3.68357,718.5,12,0,0,0,0,732.3,929.93,40.27,35.7,12345674,3.29,830,3188596,0,0,0
37.298176,-3.683562,718.5,12,0,0,0,0,740.1,929.06,40.15,35.62,12345671,23.75,31,3188697,0,0,0
37.298176,-3.683562,718.4,12,0,0,0,0,733.1,929.84,40.56,35.75,12345672,10.73,30,3188796,0,0,0
37.298176,-3.683562,718.4,12,0,0,0,0,755.2,927.37,40.26,35.8,12345673,44.58,131,3188897,0,0,0
37.298176,-3.683562,718.4,12,0,0,0,0,757,927.17,40.33,35.78,12345674,2.52,230,3188996,0,0,0
37.298176,-3.683562,718.4,12,0,0,0,0,758.1,927.05,40.33,35.81,12345671,17.13,331,3189097,0,0,0
37.298176,-3.683562,718.4,12,0,0,0,0,759.8,926.85,40.18,35.83,12345672,3.92,431,3189197,0,0,0
37.298176,-3.683562,718.4,12,0,0,0,0,777.1,924.92,40.35,35.61,12345673,38.81,530,3189296,0,0,0
37.298176,-3.683562,718.4,12,0,0,0,0,772.8,925.4,40.45,35.67,12345674,2.93,631,3189397,0,0,0
37.298176,-3.683562,718.4,12,0,0,0,0,786.1,923.92,40.38,35.7,12345671,12.17,730,3189496,0,0,0
37.298176,-3.683562,718.4,12,0,0,0,0,791.4,923.33,40.27,35.66,12345672,0.95,831,3189597,0,0,0
37.298172,-3.683535,718.4,12,0,0,0,0,827.4,919.32,40.31,35.72,12345673,34.44,31,3189697,0,0,0
37.298172,-3.683535,718.8,12,0,0,0,0,834.6,918.52,40.27,35.81,12345674,2.93,31,3189797,0,0,0
37.298172,-3.683535,718.8,12,0,0,0,0,831.7,918.84,40.31,35.58,12345671,11.27,130,3189896,0,0,0
37.298168,-3.683513,718.8,12,0,0,0,0,1092.3,890.28,40.44,35.32,12345672,0.59,30,3191950,0,0,0
37.298168,-3.683513,718.8,12,0,0,0,0,1111.8,888.18,40.29,35.24,12345673,63.37,129,3192049,0,0,0
37.298168,-3.683513,718.8,12,0,0,0,0,1138.3,885.32,40.36,35.22,12345674,2.97,268,3192188,0,0,0
37.298168,-3.683513,718.8,12,0,0,0,0,1134.4,885.74,40.27,35.16,12345671,67.2,368,3192288,0,0,0
37.298168,-3.683513,718.8,12,0,0,0,0,1172,881.7,40.24,35.18,12345672,63.42,468,3192388,0,0,0
37.298168,-3.683513,718.8,12,0,0,0,0,1170.1,881.9,40.51,35.06,12345673,78.79,582,3192502,0,0,0
37.298168,-3.683513,718.8,12,0,0,0,0,1176.3,881.23,40.42,35.12,12345674,2.97,683,3192603,0,0,0
37.298149,-3.68348,718.8,12,0,0,0,0,1178.3,881.02,40.2,35.04,12345671,83.25,32,3192704,0,0,0
37.298149,-3.68348,718.8,12,0,0,0,0,1187.3,880.05,40.31,35.11,12345672,79.91,131,3192803,0,0,0
37.298149,-3.68348,718.8,12,0,0,0,0,1214,877.2,40.33,35,12345673,94.16,231,3192903,0,0,0
37.298149,-3.68348,718.8,12,0,0,0,0,1231.5,875.33,40.53,35.04,12345674,2.66,349,3193021,0,0,0
37.298149,-3.68348,718.8,12,0,0,0,0,1238.3,874.6,40.29,35.04,0,-1,441,3193113,0,0,0
37.298149,-3.68348,718.8,12,0,0,0,0,1252.8,873.05,40.47,35.01,0,-1,540,3193212,0,0,0
37.298149,-3.68348,718.8,12,0,0,0,0,1259,872.4,40.56,34.95,0,-1,640,3193312,0,0,0
37.298149,-3.68348,718.8,12,0,0,0,0,1275.8,870.61,40.45,35,0,-1,740,3193412,0,0,0
37.298149,-3.68348,718.8,12,0,0,0,0,1280.5,870.11,40.33,34.97,0,-1,840,3193512,0,0,0
37.298149,-3.68348,718.8,12,0,0,0,0,1300,868.04,40.31,34.87,0,-1,940,3193612,0,0,0
37.298149,-3.68348,718.8,12,0,0,0,0,1301.6,867.87,40.35,34.91,0,-1,1041,3193713,0,0,0
37.298149,-3.68348,718.8,12,0,0,0,0,1309.1,867.08,40.26,34.79,0,-1,1159,3193831,0,0,0
37.298149,-3.68348,718.8,12,0,0,0,0,1316.5,866.29,40.22,34.78,0,-1,1259,3193931,0,0,0
37.298149,-3.68348,718.8,12,0,0,0,0,1334.8,864.36,40.27,34.81,12345671,-1,1366,3194038,0,0,0
37.298149,-3.68348,718.8,12,0,0,0,0,1343.3,863.46,40.36,34.71,12345672,126.83,1468,3194140,0,0,0
37.298149,-3.68348,718.8,12,0,0,0,0,1347.6,863.01,40.44,34.6,12345673,137.11,1568,3194240,0,0,0
37.298149,-3.68348,718.8,12,0,0,0,0,1364.4,861.23,40.33,34.77,12345674,3.2,1668,3194340,0,0,0
37.298149,-3.68348,718.8,12,0,0,0,0,1354.1,862.32,40.27,34.78,0,-1,1759,3194431,0,0,0
37.298149,-3.68348,718.8,12,0,0,0,0,1384.8,859.09,40.22,34.69,0,-1,1859,3194531,0,0,0
37.298149,-3.68348,718.8,12,0,0,0,0,1394.8,858.04,40.24,34.68,0,-1,1975,3194647,0,0,0
37.298149,-3.68348,718.8,12,0,0,0,0,1381.7,859.41,40.38,34.65,0,-1,2074,3194746,0,0,0
37.298149,-3.68348,718.8,12,0,0,0,0,1393.9,858.13,40.4,34.66,0,-1,2175,3194847,0,0,0
37.298149,-3.68348,718.8,12,0,0,0,0,1408.9,856.56,40.45,34.65,0,-1,2274,3194946,0,0,0
37.298149,-3.68348,718.8,12,0,0,0,0,1424.5,854.92,40.24,34.47,0,-1,2375,3195047,0,0,0
37.298149,-3.68348,718.8,12,0,0,0,0,1418.9,855.51,40.29,34.61,0,-1,2474,3195146,0,0,0
37.298149,-3.68348,718.8,12,0,0,0,0,1443.2,852.97,40.17,34.62,0,-1,2574,3195246,0,0,0
37.298149,-3.68348,718.8,12,0,0,0,0,1433.9,853.94,40.35,34.59,12345671,-1,2683,3195355,0,0,0
37.298149,-3.68348,718.8,12,0,0,0,0,1444.7,852.81,40.38,34.6,12345672,166.5,2818,3195490,0,0,0
37.298149,-3.68348,718.8,12,0,0,0,0,1450.3,852.23,40.45,34.56,12345673,173.66,2918,3195590,0,0,0
37.297935,-3.683673,718.8,12,0,0,0,0,1469.7,850.2,40.4,34.41,12345674,3.43,31,3195709,0,0,0
37.297935,-3.683673,721.9,12,0,0,0,0,1462.3,850.97,40.18,34.57,12345671,179.84,31,3195808,0,0,0
37.297935,-3.683673,721.9,12,0,0,0,0,1468.2,850.36,40.42,34.52,12345672,175.87,131,3195908,0,0,0
37.297935,-3.683673,721.9,12,0,0,0,0,1479.3,849.2,40.38,34.46,12345673,185.56,231,3196008,0,0,0
37.297935,-3.683673,721.9,12,0,0,0,0,1485.1,848.6,40.38,34.36,12345674,3.34,331,3196108,0,0,0
37.297935,-3.683673,721.9,12,0,0,0,0,1487.9,848.31,40.42,34.49,0,-1,422,3196199,0,0,0
37.297935,-3.683673,721.9,12,0,0,0,0,1500.9,846.95,40.45,34.39,0,-1,526,3196303,0,0,0
37.297935,-3.683673,721.9,12,0,0,0,0,1511.7,845.83,40.44,34.38,0,-1,626,3196403,0,0,0
37.297935,-3.683673,721.9,12,0,0,0,0,1512.6,845.74,40.45,34.37,0,-1,726,3196503,0,0,0
37.297935,-3.683673,721.9,12,0,0,0,0,1512.9,845.71,40.44,34.48,0,-1,826,3196603,0,0,0
37.297863,-3.683773,721.9,12,0,0,0,0,1522.2,844.74,40.31,34.41,0,-1,23,3196704,0,0,0
37.297863,-3.683773,721.8,12,0,0,0,0,1528.1,844.13,40.49,34.48,0,-1,23,3196804,0,0,0
37.297863,-3.683773,721.8,12,0,0,0,0,1540.8,842.82,40.44,34.46,0,-1,123,3196904,0,0,0
37.297863,-3.683773,721.8,12,0,0,0,0,1553,841.55,40.4,34.34,0,-1,223,3197004,0,0,0
37.297863,-3.683773,721.8,12,0,0,0,0,1546.2,842.26,40.27,34.4,12345671,-1,342,3197123,0,0,0
37.297863,-3.683773,721.8,12,0,0,0,0,1552.4,841.62,40.26,34.34,12345672,206.52,442,3197223,0,0,0
37.297863,-3.683773,721.8,12,0,0,0,0,1574.5,839.33,40.31,34.32,12345673,213.69,542,3197323,0,0,0
37.297863,-3.683773,721.8,12,0,0,0,0,1575.6,839.22,40.44,34.41,12345674,3.2,642,3197423,0,0,0
37.297863,-3.683773,721.8,12,0,0,0,0,1574,839.39,40.4,34.36,0,-1,734,3197515,0,0,0
37.297863,-3.683773,721.8,12,0,0,0,0,1581.5,838.61,40.31,34.42,0,-1,835,3197616,0,0,0
37.297863,-3.683773,721.8,12,0,0,0,0,1582.4,838.52,40.2,34.31,0,-1,935,3197716,0,0,0
37.297775,-3.683874,729.8,10,0,0,0,0,1596.6,837.06,40.08,34.28,0,-1,23,3197816,0,0,0
37.297775,-3.683874,729.8,10,0,0,0,0,1591.6,837.57,40.45,34.22,0,-1,133,3197926,0,0,0
37.297775,-3.683874,729.8,10,0,0,0,0,1597.6,836.95,40.38,34.31,0,-1,233,3198026,0,0,0
37.297775,-3.683874,729.8,10,0,0,0,0,1617,834.96,40.17,34.3,0,-1,332,3198125,0,0,0
37.297775,-3.683874,729.8,10,0,0,0,0,1606.4,836.05,40.29,34.33,0,-1,432,3198225,0,0,0
37.297775,-3.683874,729.8,10,0,0,0,0,1617.5,834.91,40.2,34.21,0,-1,532,3198325,0,0,0
37.297775,-3.683874,729.8,10,0,0,0,0,1621.4,834.51,40.36,34.28,12345671,-1,640,3198433,0,0,0
37.297775,-3.683874,729.8,10,0,0,0,0,1624.5,834.19,40.38,34.24,12345672,231.04,741,3198534,0,0,0
37.297775,-3.683874,729.8,10,0,0,0,0,1632.5,833.37,40.27,34.29,12345673,238.48,841,3198634,0,0,0
37.297775,-3.683874,729.8,10,0,0,0,0,1630,833.62,40.4,34.34,0,-1,1004,3198797,0,0,0
37.297775,-3.683874,729.8,10,0,0,0,0,1640.7,832.53,40.27,34.23,0,-1,1104,3198897,0,0,0
37.297775,-3.683874,729.8,10,0,0,0,0,1640.1,832.59,40.36,34.35,0,-1,1204,3198997,0,0,0
37.297775,-3.683874,729.8,10,0,0,0,0,1643.7,832.22,40.42,34.25,0,-1,1304,3199097,0,0,0
37.297775,-3.683874,729.8,10,0,0,0,0,1665.4,830,40.15,34.26,0,-1,1405,3199198,0,0,0
37.297775,-3.683874,729.8,10,0,0,0,0,1646.7,831.91,40.38,34.33,0,-1,1505,3199298,0,0,0
37.297775,-3.683874,729.8,10,0,0,0,0,1658.9,830.66,40.24,34.26,0,-1,1605,3199398,0,0,0
37.297775,-3.683874,729.8,10,0,0,0,0,1659.2,830.63,40.22,34.26,0,-1,1705,3199498,0,0,0
37.297775,-3.683874,729.8,10,0,0,0,0,1662.6,830.29,40.29,34.37,0,-1,1810,3199603,0,0,0
37.297771,-3.684024,729.8,10,0,0,0,0,1656.8,830.88,40.47,34.23,12345674,-1,31,3199711,0,0,0
37.297771,-3.684024,732.1,10,0,0,0,0,1666.2,829.92,40.47,34.29,12345671,257.09,31,3199811,0,0,0
37.297771,-3.684024,732.1,10,0,0,0,0,1661.8,830.37,40.45,34.31,12345672,252.31,131,3199911,0,0,0
37.297771,-3.684024,732.1,10,0,0,0,0,1669.3,829.6,40.31,34.21,12345673,258.71,231,3200011,0,0,0
37.297771,-3.684024,732.1,10,0,0,0,0,1665.3,830.01,40.27,34.24,12345674,3.06,330,3200110,0,0,0
37.297771,-3.684024,732.1,10,0,0,0,0,1682.3,828.27,40.36,34.24,12345671,263.54,430,3200210,0,0,0
37.297771,-3.684024,732.1,10,0,0,0,0,1683.3,828.17,40.44,34.27,12345672,256.6,530,3200310,0,0,0
37.297771,-3.684024,732.1,10,0,0,0,0,1680,828.51,40.49,34.21,12345673,259.25,661,3200441,0,0,0
37.297771,-3.684024,732.1,10,0,0,0,0,1691.2,827.36,40.33,34.22,12345674,2.79,762,3200542,0,0,0
37.297771,-3.684024,732.1,10,0,0,0,0,1681.1,828.39,40.49,34.23,12345671,267.91,862,3200642,0,0,0
37.297771,-3.684024,732.1,10,0,0,0,0,1711.2,825.33,40.27,34.27,12345672,262.36,962,3200742,0,0,0
37.297771,-3.684024,732.1,10,0,0,0,0,1699,826.57,40.42,34.21,12345673,267.05,1062,3200842,0,0,0
37.297771,-3.684024,732.1,10,0,0,0,0,1689.4,827.55,40.36,34.24,12345674,3.56,1162,3200942,0,0,0
37.297771,-3.684024,732.1,10,0,0,0,0,1700.8,826.39,40.33,34.23,12345671,266.11,1262,3201042,0,0,0
37.297771,-3.684024,732.1,10,0,0,0,0,1697.5,826.72,40.31,34.28,12345672,265.56,1362,3201142,0,0,0
37.297771,-3.684024,732.1,10,0,0,0,0,1709.8,825.47,40.35,34.25,12345673,271.69,1483,3201263,0,0,0
37.297771,-3.684024,732.1,10,0,0,0,0,1705.8,825.88,40.31,34.31,12345674,3.11,1583,3201363,0,0,0
37.297771,-3.684024,732.1,10,0,0,0,0,1697.9,826.68,40.47,34.18,12345671,275.71,1684,3201464,0,0,0
37.297771,-3.684024,732.1,10,0,0,0,0,1709.5,825.5,40.24,34.2,12345672,267.95,1784,3201564,0,0,0
37.297882,-3.684038,732.1,10,0,0,0,0,1711.3,825.32,40.45,34.2,12345673,273.45,30,3201665,0,0,0
37.297882,-3.684038,739.1,12,0,0,0,0,1708.3,825.62,40.24,34.28,12345674,3.34,31,3201766,0,0,0
37.297882,-3.684038,739.1,12,0,0,0,0,1721.8,824.25,40.27,34.19,12345671,284.77,155,3201890,0,0,0
37.297882,-3.684038,739.1,12,0,0,0,0,1713.3,825.11,40.35,34.3,0,-1,247,3201982,0,0,0
37.297882,-3.684038,739.1,12,0,0,0,0,1719.4,824.49,40.27,34.27,0,-1,366,3202101,0,0,0
37.297882,-3.684038,739.1,12,0,0,0,0,1715.4,824.9,40.36,34.19,0,-1,466,3202201,0,0,0
37.297882,-3.684038,739.1,12,0,0,0,0,1718.4,824.59,40.33,34.28,0,-1,566,3202301,0,0,0
37.297882,-3.684038,739.1,12,0,0,0,0,1709.3,825.52,40.44,34.2,0,-1,666,3202401,0,0,0
37.297882,-3.684038,739.1,12,0,0,0,0,1718.3,824.61,40.4,34.34,0,-1,766,3202501,0,0,0
37.297882,-3.684038,739.1,12,0,0,0,0,1728.2,823.6,40.44,34.21,0,-1,866,3202601,0,0,0
37.297977,-3.684034,739.1,12,0,0,0,0,1728.4,823.58,40.24,34.24,0,-1,23,3202702,0,0,0
37.297977,-3.684034,741.3,11,0,0,0,0,1720.9,824.34,40.38,34.27,0,-1,22,3202802,0,0,0
37.297977,-3.684034,741.3,11,0,0,0,0,1726.8,823.74,40.38,34.28,12345672,-1,139,3202919,0,0,0
37.297977,-3.684034,741.3,11,0,0,0,0,1731.3,823.28,40.45,34.23,12345673,281.3,239,3203019,0,0,0
37.297977,-3.684034,741.3,11,0,0,0,0,1721.9,824.24,40.45,34.26,12345674,2.84,339,3203119,0,0,0
37.297977,-3.684034,741.3,11,0,0,0,0,1715.2,824.92,40.44,34.27,0,-1,430,3203210,0,0,0
37.297977,-3.684034,741.3,11,0,0,0,0,1735.3,822.88,40.44,34.18,0,-1,530,3203310,0,0,0
37.297977,-3.684034,741.3,11,0,0,0,0,1729.8,823.44,40.17,34.2,0,-1,630,3203410,0,0,0
37.297977,-3.684034,741.3,11,0,0,0,0,1719.4,824.49,40.4,34.29,0,-1,831,3203611,0,0,0
37.297977,-3.684034,741.3,11,0,0,0,0,1716.9,824.75,40.47,34.3,0,-1,960,3203740,0,0,0
37.297977,-3.684034,741.3,11,0,0,0,0,1719.5,824.48,40.45,34.34,0,-1,1060,3203840,0,0,0
37.297977,-3.684034,741.3,11,0,0,0,0,1741.2,822.28,40.31,34.33,0,-1,1160,3203940,0,0,0
37.297977,-3.684034,741.3,11,0,0,0,0,1726.1,823.81,40.55,34.32,0,-1,1260,3204040,0,0,0
37.297977,-3.684034,741.3,11,0,0,0,0,1714,825.04,40.44,34.34,12345671,-1,1367,3204147,0,0,0
37.297977,-3.684034,741.3,11,0,0,0,0,1725.1,823.91,40.35,34.46,12345672,283.5,1468,3204248,0,0,0
37.297977,-3.684034,741.3,11,0,0,0,0,1720.5,824.38,40.53,34.31,12345673,287.7,1568,3204348,0,0,0
37.297977,-3.684034,741.3,11,0,0,0,0,1716.1,824.83,40.33,34.46,12345674,3.34,1668,3204448,0,0,0
37.297977,-3.684034,741.3,11,0,0,0,0,1725.4,823.88,40.58,34.32,0,-1,1784,3204564,0,0,0
37.298172,-3.683914,741.3,11,0,0,0,0,1710.1,825.44,40.45,34.42,0,-1,22,3204663,0,0,0
37.298172,-3.683914,743.6,11,0,0,0,0,1719.7,824.46,40.38,34.37,0,-1,22,3204763,0,0,0
37.298172,-3.683914,743.6,11,0,0,0,0,1710.5,825.4,40.44,34.31,0,-1,122,3204863,0,0,0
37.298172,-3.683914,743.6,11,0,0,0,0,1711.9,825.26,40.55,34.45,0,-1,221,3204962,0,0,0
37.298172,-3.683914,743.6,11,0,0,0,0,1713.8,825.06,40.38,34.41,0,-1,338,3205079,0,0,0
37.298172,-3.683914,743.6,11,0,0,0,0,1722.5,824.18,40.36,34.31,0,-1,437,3205178,0,0,0
37.298172,-3.683914,743.6,11,0,0,0,0,1712.8,825.16,40.44,34.4,0,-1,537,3205278,0,0,0
37.298172,-3.683914,743.6,11,0,0,0,0,1716.3,824.81,40.26,34.24,0,-1,646,3205387,0,0,0
37.298172,-3.683914,743.6,11,0,0,0,0,1700.1,826.46,40.36,34.39,12345671,-1,754,3205495,0,0,0
37.298172,-3.683914,743.6,11,0,0,0,0,1712.6,825.18,40.38,34.42,12345672,282.06,855,3205596,0,0,0
37.29829,-3.683874,743.6,11,0,0,0,0,1704,826.06,40.22,34.28,12345673,284.68,31,3205697,0,0,0
37.29829,-3.683874,745.1,10,0,0,0,0,1704.2,826.04,40.45,34.5,0,-1,22,3205788,0,0,0
37.29829,-3.683874,745.1,10,0,0,0,0,1699.6,826.51,40.33,34.35,0,-1,122,3205888,0,0,0
37.29829,-3.683874,745.1,10,0,0,0,0,1699.4,826.53,40.58,34.41,0,-1,221,3205987,0,0,0
37.29829,-3.683874,745.1,10,0,0,0,0,1694.6,827.02,40.53,34.37,0,-1,322,3206088,0,0,0
37.29829,-3.683874,745.1,10,0,0,0,0,1692.8,827.2,40.31,34.42,0,-1,421,3206187,0,0,0
37.29829,-3.683874,745.1,10,0,0,0,0,1687.9,827.7,40.38,34.5,0,-1,521,3206287,0,0,0
37.29829,-3.683874,745.1,10,0,0,0,0,1675.5,828.97,40.42,34.39,0,-1,621,3206387,0,0,0
37.29829,-3.683874,745.1,10,0,0,0,0,1694.4,827.04,40.47,34.42,0,-1,721,3206487,0,0,0
37.29829,-3.683874,745.1,10,0,0,0,0,1691.6,827.32,40.31,34.55,0,-1,822,3206588,0,0,0
37.298389,-3.683898,745.1,10,0,0,0,0,1679.8,828.53,40.26,34.43,0,-1,23,3206688,0,0,0
37.298389,-3.683898,752.5,12,0,0,0,0,1688,827.69,40.44,34.36,12345674,-1,30,3206795,0,0,0
37.298389,-3.683898,752.5,12,0,0,0,0,1678.7,828.64,40.31,34.48,12345671,287.38,131,3206896,0,0,0
37.298389,-3.683898,752.5,12,0,0,0,0,1682.8,828.22,40.4,34.47,12345672,278.32,256,3207021,0,0,0
37.298389,-3.683898,752.5,12,0,0,0,0,1683.5,828.15,40.36,34.5,12345673,279.72,356,3207121,0,0,0
37.298389,-3.683898,752.5,12,0,0,0,0,1681.8,828.32,40.45,34.61,0,-1,448,3207213,0,0,0
37.298389,-3.683898,752.5,12,0,0,0,0,1674.5,829.07,40.35,34.56,0,-1,548,3207313,0,0,0
37.298389,-3.683898,752.5,12,0,0,0,0,1671,829.43,40.35,34.67,0,-1,648,3207413,0,0,0
37.298389,-3.683898,752.5,12,0,0,0,0,1674.3,829.09,40.29,34.43,0,-1,748,3207513,0,0,0
37.298389,-3.683898,752.5,12,0,0,0,0,1674.1,829.11,40.06,34.58,0,-1,849,3207614,0,0,0
37.298496,-3.68386,752.5,12,0,0,0,0,1660.6,830.49,40.45,34.51,0,-1,23,3207714,0,0,0
37.298496,-3.68386,755.3,12,0,0,0,0,1673.1,829.21,40.42,34.6,0,-1,23,3207828,0,0,0
37.298496,-3.68386,755.3,12,0,0,0,0,1655.1,831.05,40.44,34.6,0,-1,123,3207928,0,0,0
37.298496,-3.68386,755.3,12,0,0,0,0,1659,830.65,40.29,34.55,0,-1,222,3208027,0,0,0
37.298496,-3.68386,755.3,12,0,0,0,0,1653.6,831.21,40.45,34.54,12345674,-1,330,3208135,0,0,0
37.298496,-3.68386,755.3,12,0,0,0,0,1655.9,830.97,40.45,34.53,0,-1,451,3208256,0,0,0
37.298496,-3.68386,755.3,12,0,0,0,0,1660.8,830.47,40.2,34.53,0,-1,551,3208356,0,0,0
37.298496,-3.68386,755.3,12,0,0,0,0,1653.1,831.26,40.55,34.4,0,-1,651,3208456,0,0,0
37.298496,-3.68386,755.3,12,0,0,0,0,1662.4,830.31,40.36,34.63,0,-1,751,3208556,0,0,0
37.298622,-3.683834,755.3,12,0,0,0,0,1659.1,830.64,40.47,34.59,0,-1,22,3208665,0,0,0
37.298622,-3.683834,755.3,12,0,0,0,0,1645.9,831.99,40.36,34.56,0,-1,121,3208764,0,0,0
37.298622,-3.683834,755.3,12,0,0,0,0,1648.2,831.76,40.49,34.63,0,-1,222,3208865,0,0,0
37.298622,-3.683834,755.3,12,0,0,0,0,1661.9,830.36,40.15,34.64,0,-1,322,3208965,0,0,0
37.298622,-3.683834,755.3,12,0,0,0,0,1637.8,832.82,40.24,34.48,0,-1,422,3209065,0,0,0
37.298622,-3.683834,755.3,12,0,0,0,0,1652.4,831.33,40.45,34.7,12345671,-1,530,3209173,0,0,0
37.298622,-3.683834,755.3,12,0,0,0,0,1613.5,835.32,40.35,34.62,12345672,266.38,630,3209273,0,0,0
37.298622,-3.683834,755.3,12,0,0,0,0,1630.1,833.61,40.27,34.5,12345673,270.3,730,3209373,0,0,0
37.298622,-3.683834,755.3,12,0,0,0,0,1634.6,833.15,40.22,34.58,12345674,2.84,840,3209483,0,0,0
37.298622,-3.683834,755.3,12,0,0,0,0,1618.1,834.85,40.47,34.41,0,-1,931,3209574,0,0,0
37.298744,-3.68387,755.3,12,0,0,0,0,1631.7,833.45,40.44,34.22,0,-1,22,3209674,0,0,0
37.298744,-3.68387,755.3,12,0,0,0,0,1632.8,833.34,40.26,33.91,0,-1,122,3209774,0,0,0
37.298744,-3.68387,755.3,12,0,0,0,0,1606.7,836.02,40.27,33.12,0,-1,222,3209874,0,0,0
37.298744,-3.68387,755.3,12,0,0,0,0,1618.4,834.81,40.45,32.35,0,-1,322,3209974,0,0,0
37.298744,-3.68387,755.3,12,0,0,0,0,1611,835.57,40.47,31.9,0,-1,421,3210073,0,0,0
37.298744,-3.68387,755.3,12,0,0,0,0,1617.4,834.92,40.33,30.79,0,-1,521,3210173,0,0,0
37.298744,-3.68387,755.3,12,0,0,0,0,1625.4,834.1,40.4,30.06,0,-1,637,3210289,0,0,0
37.298744,-3.68387,755.3,12,0,0,0,0,1619.1,834.74,40.11,29.29,0,-1,737,3210389,0,0,0
37.298744,-3.68387,755.3,12,0,0,0,0,1626.7,833.96,40.33,28.5,12345671,-1,845,3210497,0,0,0
37.298744,-3.68387,755.3,12,0,0,0,0,1604.8,836.21,40.31,27.83,12345672,260.25,946,3210598,0,0,0
37.298882,-3.683855,755.3,12,0,0,0,0,1612.8,835.39,40.2,27.1,12345673,261.64,31,3210698,0,0,0
37.298882,-3.683855,770.9,11,0,0,0,0,1622.3,834.41,40.44,26.38,12345674,3.25,31,3210799,0,0,0
37.298882,-3.683855,770.9,11,0,0,0,0,1629.1,833.72,40.02,26.03,12345671,270.93,130,3210898,0,0,0
37.298882,-3.683855,770.9,11,0,0,0,0,1598.2,836.89,40.29,25.24,12345672,259.66,230,3210998,0,0,0
37.298882,-3.683855,770.9,11,0,0,0,0,1609.5,835.73,40.31,24.39,12345673,262.18,360,3211128,0,0,0
37.298882,-3.683855,770.9,11,0,0,0,0,1594.5,837.27,40.24,24.14,12345674,3.29,459,3211227,0,0,0
37.298882,-3.683855,770.9,11,0,0,0,0,1606.7,836.02,40.27,23.37,12345671,267.14,594,3211362,0,0,0
37.298882,-3.683855,770.9,11,0,0,0,0,1610.3,835.65,40.15,22.73,12345672,256.96,693,3211461,0,0,0
37.298882,-3.683855,770.9,11,0,0,0,0,1605.2,836.17,40.47,22.52,12345673,258.22,794,3211562,0,0,0
37.299026,-3.683825,770.9,11,0,0,0,0,1595.4,837.18,40.26,21.81,12345674,2.75,31,3211663,0,0,0
37.299026,-3.683825,770.9,11,0,0,0,0,1602.4,836.46,40.44,21.62,0,-1,122,3211754,0,0,0
37.299026,-3.683825,770.9,11,0,0,0,0,1605.4,836.15,40.22,21.22,0,-1,222,3211854,0,0,0
37.299026,-3.683825,770.9,11,0,0,0,0,1583.3,838.43,40.4,19.26,0,-1,892,3212524,0,0,0
37.299026,-3.683825,770.9,11,0,0,0,0,1597,837.01,40.29,19.07,0,-1,991,3212623,0,0,0
37.299026,-3.683825,770.9,11,0,0,0,0,1594,837.32,40.33,18.76,12345671,-1,1100,3212732,0,0,0
37.299133,-3.683946,803.2,12,0,0,0,0,1585.1,838.24,40.18,18.42,12345672,254.84,30,3212832,0,0,0
37.299133,-3.683946,803.2,12,0,0,0,0,1590.8,837.65,40.13,18.29,12345673,255.74,130,3212932,0,0,0
37.299133,-3.683946,803.2,12,0,0,0,0,1600.6,836.64,40.35,18.16,12345674,2.7,230,3213032,0,0,0
37.299133,-3.683946,803.2,12,0,0,0,0,1583.3,838.43,40.22,18.01,12345671,265.25,329,3213131,0,0,0
37.299133,-3.683946,803.2,12,0,0,0,0,1592.6,837.47,40.22,17.96,12345672,252.36,441,3213243,0,0,0
37.299133,-3.683946,803.2,12,0,0,0,0,1575.9,839.19,40.24,17.65,12345673,254.43,541,3213343,0,0,0
37.299133,-3.683946,803.2,12,0,0,0,0,1583.4,838.42,40.27,17.47,0,-1,633,3213435,0,0,0
37.299133,-3.683946,803.2,12,0,0,0,0,1571.9,839.6,40.2,17.43,0,-1,733,3213535,0,0,0
37.299274,-3.683907,803.2,12,0,0,0,0,1577.3,839.04,40.35,17.24,0,-1,23,3213636,0,0,0
37.299274,-3.683907,803.2,12,0,0,0,0,1575,839.28,40.17,17.18,0,-1,123,3213736,0,0,0
37.299274,-3.683907,803.2,12,0,0,0,0,1576.5,839.13,40.33,16.95,0,-1,222,3213835,0,0,0
37.299274,-3.683907,803.2,12,0,0,0,0,1585.9,838.16,40.2,16.88,0,-1,323,3213936,0,0,0
37.299274,-3.683907,803.2,12,0,0,0,0,1569.1,839.89,40.47,16.67,0,-1,452,3214065,0,0,0
37.299274,-3.683907,803.2,12,0,0,0,0,1574,839.38,40.27,16.64,0,-1,552,3214165,0,0,0
37.299274,-3.683907,803.2,12,0,0,0,0,1575,839.28,40.35,16.48,0,-1,652,3214265,0,0,0
37.299274,-3.683907,803.2,12,0,0,0,0,1568.3,839.97,40.15,16.51,12345674,-1,759,3214372,0,0,0
37.299274,-3.683907,803.2,12,0,0,0,0,1564.1,840.41,40.13,16.34,0,-1,852,3214465,0,0,0
37.299274,-3.683907,803.2,12,0,0,0,0,1569.2,839.88,40.35,16.33,0,-1,952,3214565,0,0,0
37.299274,-3.683907,803.2,12,0,0,0,0,1568.7,839.93,40.13,16.2,0,-1,1052,3214665,0,0,0
37.299408,-3.683865,803.2,12,0,0,0,0,1568.3,839.97,40.33,16.13,0,-1,23,3214765,0,0,0
37.299408,-3.683865,811.7,12,0,0,0,0,1560.5,840.78,40.26,16.19,0,-1,23,3214885,0,0,0
37.299408,-3.683865,811.7,12,0,0,0,0,1576,839.18,40.11,16.08,0,-1,123,3214985,0,0,0
37.299408,-3.683865,811.7,12,0,0,0,0,1559.8,840.85,40.17,16.06,0,-1,238,3215100,0,0,0
37.299408,-3.683865,811.7,12,0,0,0,0,1570,839.8,40.18,16.1,0,-1,337,3215199,0,0,0
37.299408,-3.683865,811.7,12,0,0,0,0,1574.1,839.37,40.15,15.89,0,-1,437,3215299,0,0,0
37.299408,-3.683865,811.7,12,0,0,0,0,1562.3,840.59,40.22,15.84,12345671,-1,544,3215406,0,0,0
37.299408,-3.683865,811.7,12,0,0,0,0,1565.9,840.22,40.09,15.89,12345672,248.89,645,3215507,0,0,0
37.299408,-3.683865,811.7,12,0,0,0,0,1562,840.62,40.11,15.69,12345673,248.53,746,3215608,0,0,0
37.299553,-3.683868,811.7,12,0,0,0,0,1555.2,841.33,40.17,15.8,0,-1,23,3215726,0,0,0
37.299553,-3.683868,811.7,12,0,0,0,0,1555.8,841.26,40.44,15.68,0,-1,123,3215826,0,0,0
37.299553,-3.683868,811.7,12,0,0,0,0,1553.1,841.54,40.09,15.66,0,-1,223,3215926,0,0,0
37.299553,-3.683868,811.7,12,0,0,0,0,1561.4,840.69,40.15,15.64,0,-1,323,3216026,0,0,0
37.299553,-3.683868,811.7,12,0,0,0,0,1549.7,841.9,39.91,15.58,0,-1,422,3216125,0,0,0
37.299553,-3.683868,811.7,12,0,0,0,0,1554.5,841.4,40.02,15.64,0,-1,522,3216225,0,0,0
37.299553,-3.683868,811.7,12,0,0,0,0,1549.1,841.96,40.18,15.48,0,-1,622,3216325,0,0,0
37.299553,-3.683868,811.7,12,0,0,0,0,1552.6,841.6,40.18,15.48,0,-1,722,3216425,0,0,0
37.299553,-3.683868,811.7,12,0,0,0,0,1551.6,841.7,40.11,15.53,0,-1,826,3216529,0,0,0
37.299553,-3.683868,811.7,12,0,0,0,0,1553.8,841.47,40.06,15.56,12345674,-1,935,3216638,0,0,0
37.299553,-3.683868,811.7,12,0,0,0,0,1544.4,842.44,40,15.67,0,-1,1027,3216730,0,0,0
37.299553,-3.683868,811.7,12,0,0,0,0,1545.3,842.35,39.89,15.36,0,-1,1127,3216830,0,0,0
37.299553,-3.683868,811.7,12,0,0,0,0,1521.1,844.86,40.13,15.53,0,-1,1227,3216930,0,0,0
37.299553,-3.683868,811.7,12,0,0,0,0,1549,841.97,40.13,15.47,0,-1,1327,3217030,0,0,0
37.299553,-3.683868,811.7,12,0,0,0,0,1540.7,842.83,40.08,15.4,0,-1,1426,3217129,0,0,0
37.299553,-3.683868,811.7,12,0,0,0,0,1554.9,841.36,40,15.51,0,-1,1526,3217229,0,0,0
37.299553,-3.683868,811.7,12,0,0,0,0,1540.8,842.82,39.95,15.45,0,-1,1650,3217353,0,0,0
37.299553,-3.683868,811.7,12,0,0,0,0,1535.5,843.36,40.04,15.36,0,-1,1750,3217453,0,0,0
37.299553,-3.683868,811.7,12,0,0,0,0,1547.3,842.14,40.09,15.39,0,-1,1850,3217553,0,0,0
37.299553,-3.683868,811.7,12,0,0,0,0,1542.9,842.6,40.02,15.35,12345671,-1,1959,3217662,0,0,0
37.299553,-3.683868,811.7,12,0,0,0,0,1541.3,842.76,39.86,15.46,12345672,245.06,2060,3217763,0,0,0
37.299553,-3.683868,811.7,12,0,0,0,0,1531.1,843.82,39.91,15.34,12345673,244.16,2160,3217863,0,0,0
37.299553,-3.683868,811.7,12,0,0,0,0,1535,843.42,39.95,15.38,12345674,2.97,2261,3217964,0,0,0
37.299553,-3.683868,811.7,12,0,0,0,0,1527.3,844.21,39.8,15.41,0,-1,2353,3218056,0,0,0
37.299553,-3.683868,811.7,12,0,0,0,0,1530.5,843.88,40,15.4,0,-1,2472,3218175,0,0,0
37.299553,-3.683868,811.7,12,0,0,0,0,1531.5,843.78,39.95,15.43,0,-1,2580,3218283,0,0,0
37.299553,-3.683868,811.7,12,0,0,0,0,1530.2,843.91,40.08,15.39,0,-1,2680,3218383,0,0,0
37.299553,-3.683868,811.7,12,0,0,0,0,1526.8,844.27,39.71,15.34,0,-1,2780,3218483,0,0,0
37.299553,-3.683868,811.7,12,0,0,0,0,1513.3,845.67,39.88,15.25,0,-1,2880,3218583,0,0,0
37.299896,-3.683915,811.7,12,0,0,0,0,1522.1,844.75,39.89,15.38,0,-1,22,3218684,0,0,0
37.299896,-3.683915,831.5,11,0,0,0,0,1529.4,844,39.64,15.35,0,-1,23,3218784,0,0,0
37.299896,-3.683915,831.5,11,0,0,0,0,1514.7,845.52,40.04,15.4,0,-1,122,3218883,0,0,0
37.299896,-3.683915,831.5,11,0,0,0,0,1524,844.56,40.04,15.36,12345671,-1,242,3219003,0,0,0
37.299896,-3.683915,831.5,11,0,0,0,0,1512.8,845.72,40.02,15.36,12345672,240.73,343,3219104,0,0,0
37.299896,-3.683915,831.5,11,0,0,0,0,1518,845.18,39.93,15.49,12345673,241.05,444,3219205,0,0,0
37.299896,-3.683915,831.5,11,0,0,0,0,1518.1,845.17,39.8,15.47,12345674,2.79,544,3219305,0,0,0
37.299896,-3.683915,831.5,11,0,0,0,0,1512.3,845.77,39.8,15.52,0,-1,635,3219396,0,0,0
37.299896,-3.683915,831.5,11,0,0,0,0,1504.8,846.55,39.71,15.58,0,-1,735,3219496,0,0,0
37.299896,-3.683915,831.5,11,0,0,0,0,1519.3,845.04,39.86,15.51,0,-1,835,3219596,0,0,0
37.299995,-3.683928,831.5,11,0,0,0,0,1500.8,846.96,40.04,15.51,0,-1,22,3219696,0,0,0
37.299995,-3.683928,835.5,12,0,0,0,0,1517.2,845.26,39.91,15.51,0,-1,22,3219804,0,0,0
37.299995,-3.683928,835.5,12,0,0,0,0,1503.9,846.64,40,15.45,0,-1,122,3219904,0,0,0
37.299995,-3.683928,835.5,12,0,0,0,0,1518.6,845.12,39.66,15.54,0,-1,222,3220004,0,0,0
37.299995,-3.683928,835.5,12,0,0,0,0,1513.3,845.67,39.7,15.37,0,-1,322,3220104,0,0,0
37.299995,-3.683928,835.5,12,0,0,0,0,1502.3,846.81,39.79,15.6,0,-1,421,3220203,0,0,0
37.299995,-3.683928,835.5,12,0,0,0,0,1503.9,846.64,39.64,15.57,0,-1,521,3220303,0,0,0
37.299995,-3.683928,835.5,12,0,0,0,0,1491.8,847.9,39.73,15.57,12345671,-1,629,3220411,0,0,0
37.299995,-3.683928,835.5,12,0,0,0,0,1506.6,846.36,39.86,15.47,12345672,238.52,729,3220511,0,0,0
37.300091,-3.683936,835.5,12,0,0,0,0,1497.5,847.31,39.68,15.62,12345673,237.21,31,3220651,0,0,0
37.300091,-3.683936,835.5,12,0,0,0,0,1499.4,847.11,39.88,15.59,12345674,2.84,131,3220751,0,0,0
37.300091,-3.683936,835.5,12,0,0,0,0,1493.1,847.76,39.66,15.51,0,-1,226,3220846,0,0,0
37.300091,-3.683936,835.5,12,0,0,0,0,1489.2,848.17,39.62,15.5,0,-1,326,3220946,0,0,0
37.300091,-3.683936,835.5,12,0,0,0,0,1497.9,847.27,39.53,15.58,0,-1,426,3221046,0,0,0
37.300091,-3.683936,835.5,12,0,0,0,0,1485.6,848.54,39.57,15.54,0,-1,526,3221146,0,0,0
37.300091,-3.683936,835.5,12,0,0,0,0,1493.5,847.72,39.82,15.66,0,-1,626,3221246,0,0,0
37.300091,-3.683936,835.5,12,0,0,0,0,1493.2,847.75,39.71,15.73,0,-1,735,3221355,0,0,0
37.300091,-3.683936,835.5,12,0,0,0,0,1488.6,848.23,39.71,15.67,0,-1,838,3221458,0,0,0
37.300091,-3.683936,835.5,12,0,0,0,0,1494.1,847.66,39.73,15.57,0,-1,939,3221559,0,0,0
37.300091,-3.683936,835.5,12,0,0,0,0,1500.8,846.96,39.44,15.88,0,-1,1039,3221659,0,0,0
37.300091,-3.683936,835.5,12,0,0,0,0,1488.1,848.28,39.44,15.72,12345671,-1,1147,3221767,0,0,0
37.300091,-3.683936,835.5,12,0,0,0,0,1492.3,847.85,39.41,15.85,12345672,233.52,1247,3221867,0,0,0
37.300091,-3.683936,835.5,12,0,0,0,0,1493.7,847.7,39.57,15.65,12345673,235.5,1347,3221967,0,0,0
37.300091,-3.683936,835.5,12,0,0,0,0,1487.1,848.39,39.5,15.67,12345674,3.06,1447,3222067,0,0,0
37.300091,-3.683936,835.5,12,0,0,0,0,1482.7,848.85,39.61,15.91,12345671,247,1546,3222166,0,0,0
37.300091,-3.683936,835.5,12,0,0,0,0,1482.2,848.9,39.57,15.74,12345672,234.1,1677,3222297,0,0,0
37.300091,-3.683936,835.5,12,0,0,0,0,1482.5,848.87,39.68,15.67,0,-1,1768,3222388,0,0,0
37.300091,-3.683936,835.5,12,0,0,0,0,1475.4,849.61,39.39,15.84,0,-1,1868,3222488,0,0,0
37.300091,-3.683936,835.5,12,0,0,0,0,1476,849.54,39.53,15.84,0,-1,1969,3222589,0,0,0
37.300266,-3.684035,835.5,12,0,0,0,0,1473.9,849.76,39.46,15.83,0,-1,23,3222689,0,0,0
37.300266,-3.684035,852.5,12,0,0,0,0,1479.1,849.22,39.55,15.92,0,-1,22,3222789,0,0,0
37.300266,-3.684035,852.5,12,0,0,0,0,1474.8,849.67,39.3,15.86,0,-1,122,3222889,0,0,0
37.300266,-3.684035,852.5,12,0,0,0,0,1467,850.48,39.46,15.8,0,-1,222,3222989,0,0,0
37.300266,-3.684035,852.5,12,0,0,0,0,1473.5,849.81,39.43,15.76,0,-1,330,3223097,0,0,0
37.300266,-3.684035,852.5,12,0,0,0,0,1475.9,849.56,39.66,15.73,0,-1,429,3223196,0,0,0
37.300266,-3.684035,852.5,12,0,0,0,0,1466.8,850.5,39.53,15.91,0,-1,529,3223296,0,0,0
37.300266,-3.684035,852.5,12,0,0,0,0,1474.2,849.73,39.21,15.98,12345673,-1,637,3223404,0,0,0
37.300266,-3.684035,852.5,12,0,0,0,0,1465,850.69,39.39,15.95,12345674,2.61,737,3223504,0,0,0
37.300266,-3.684035,852.5,12,0,0,0,0,1470.5,850.12,39.28,15.83,12345671,247.45,838,3223605,0,0,0
37.300358,-3.68406,852.5,12,0,0,0,0,1464.7,850.72,39.46,15.87,12345672,230.18,31,3223706,0,0,0
37.300358,-3.68406,856.4,11,0,0,0,0,1476.6,849.48,39.26,15.79,12345673,232.84,31,3223806,0,0,0
37.300358,-3.68406,856.4,11,0,0,0,0,1472.7,849.89,39.23,16.02,12345674,3.38,168,3223943,0,0,0
37.300358,-3.68406,856.4,11,0,0,0,0,1461.2,851.09,39.41,15.75,12345671,246.36,267,3224042,0,0,0
37.300358,-3.68406,856.4,11,0,0,0,0,1459.3,851.29,39.39,15.74,12345672,230.09,367,3224142,0,0,0
37.300358,-3.68406,856.4,11,0,0,0,0,1465.3,850.66,39.14,15.95,12345673,229.73,467,3224242,0,0,0
37.300358,-3.68406,856.4,11,0,0,0,0,1460,851.21,39.59,15.8,12345674,3.25,567,3224342,0,0,0
37.300358,-3.68406,856.4,11,0,0,0,0,1453,851.94,39.35,15.89,0,-1,659,3224434,0,0,0
37.300358,-3.68406,856.4,11,0,0,0,0,1458.1,851.41,39.21,15.69,0,-1,778,3224553,0,0,0
37.300358,-3.68406,856.4,11,0,0,0,0,1459.5,851.26,39.14,15.94,0,-1,878,3224653,0,0,0
37.300358,-3.68406,856.4,11,0,0,0,0,1461.6,851.05,39.21,15.69,0,-1,978,3224753,0,0,0
37.300461,-3.684072,861,11,0,0,0,0,1470.3,850.14,39.17,15.86,0,-1,23,3224853,0,0,0
37.300461,-3.684072,861,11,0,0,0,0,1451.7,852.08,39.43,15.9,0,-1,123,3224953,0,0,0
37.300461,-3.684072,861,11,0,0,0,0,1449.2,852.34,39.14,15.99,0,-1,224,3225054,0,0,0
37.300461,-3.684072,861,11,0,0,0,0,1456.4,851.59,39.12,15.89,0,-1,323,3225153,0,0,0
37.300461,-3.684072,861,11,0,0,0,0,1450.1,852.25,39.21,15.91,0,-1,423,3225253,0,0,0
37.300461,-3.684072,861,11,0,0,0,0,1450.4,852.21,39.19,15.95,12345671,-1,531,3225361,0,0,0
37.300461,-3.684072,861,11,0,0,0,0,1442.5,853.04,39.24,15.74,12345672,227.93,631,3225461,0,0,0
37.300461,-3.684072,861,11,0,0,0,0,1447.9,852.48,39.26,15.92,12345673,225.68,757,3225587,0,0,0
37.300533,-3.684074,861,11,0,0,0,0,1437.7,853.54,39.14,15.82,12345674,2.93,31,3225688,0,0,0
37.300533,-3.684074,861,11,0,0,0,0,1449.4,852.32,39.06,15.98,12345671,244.11,130,3225787,0,0,0
37.300533,-3.684074,861,11,0,0,0,0,1441.5,853.14,39.12,15.99,12345672,225.99,230,3225887,0,0,0
37.300533,-3.684074,861,11,0,0,0,0,1444.3,852.85,39.21,15.83,12345673,227.57,331,3225988,0,0,0
37.300533,-3.684074,861,11,0,0,0,0,1421.2,855.27,39.28,15.93,12345674,3.25,430,3226087,0,0,0
37.300533,-3.684074,861,11,0,0,0,0,1426.4,854.72,39.01,16.03,0,-1,521,3226178,0,0,0
37.300533,-3.684074,861,11,0,0,0,0,1438.2,853.49,39.17,15.81,0,-1,621,3226278,0,0,0
37.300533,-3.684074,861,11,0,0,0,0,1435.3,853.79,39.08,15.96,0,-1,745,3226402,0,0,0
37.300533,-3.684074,861,11,0,0,0,0,1425.1,854.86,39.32,15.77,0,-1,845,3226502,0,0,0
37.300533,-3.684074,861,11,0,0,0,0,1444.1,852.87,39.1,16.05,0,-1,946,3226603,0,0,0
37.30061,-3.684128,861,11,0,0,0,0,1427.8,854.58,39.12,15.89,0,-1,22,3226703,0,0,0
37.30061,-3.684128,868,11,0,0,0,0,1429.7,854.38,39.14,15.8,0,-1,22,3226803,0,0,0
37.30061,-3.684128,868,11,0,0,0,0,1427.9,854.57,39.17,15.97,0,-1,122,3226903,0,0,0
37.30061,-3.684128,868,11,0,0,0,0,1424.2,854.95,38.88,15.92,0,-1,222,3227003,0,0,0
37.30061,-3.684128,868,11,0,0,0,0,1418.1,855.59,39.08,15.9,12345671,-1,329,3227110,0,0,0
37.30061,-3.684128,868,11,0,0,0,0,1428.3,854.53,39.15,15.88,12345672,223.96,471,3227252,0,0,0
37.30061,-3.684128,868,11,0,0,0,0,1438.6,853.45,38.97,16.07,12345673,225.09,572,3227353,0,0,0
37.30061,-3.684128,868,11,0,0,0,0,1419.1,855.49,38.97,15.87,12345674,2.66,671,3227452,0,0,0
37.30061,-3.684128,868,11,0,0,0,0,1420.1,855.38,38.92,15.84,0,-1,763,3227544,0,0,0
37.30064,-3.684204,868,11,0,0,0,0,1424.6,854.91,39.05,15.97,0,-1,22,3227657,0,0,0
37.30064,-3.684204,878.2,12,0,0,0,0,1418.2,855.58,38.9,15.93,0,-1,22,3227757,0,0,0
37.30064,-3.684204,878.2,12,0,0,0,0,1414.1,856.01,38.94,15.97,0,-1,121,3227856,0,0,0
37.30064,-3.684204,878.2,12,0,0,0,0,1414.4,855.98,38.92,15.82,0,-1,222,3227957,0,0,0
37.30064,-3.684204,878.2,12,0,0,0,0,1417.4,855.67,38.83,15.92,0,-1,333,3228068,0,0,0
37.30064,-3.684204,878.2,12,0,0,0,0,1424.5,854.92,38.81,16,0,-1,432,3228167,0,0,0
37.30064,-3.684204,878.2,12,0,0,0,0,1413.8,856.04,38.78,15.77,0,-1,532,3228267,0,0,0
37.30064,-3.684204,878.2,12,0,0,0,0,1403.4,857.13,38.96,15.97,0,-1,632,3228367,0,0,0
37.30064,-3.684204,878.2,12,0,0,0,0,1397.5,857.75,38.85,16.04,12345671,-1,740,3228475,0,0,0
37.30064,-3.684204,878.2,12,0,0,0,0,1410,856.44,38.79,16.01,12345672,221.8,841,3228576,0,0,0
37.300694,-3.684258,878.2,12,0,0,0,0,1404.1,857.06,38.87,15.99,12345673,222.3,30,3228676,0,0,0
37.300694,-3.684258,878.2,12,0,0,0,0,1416.7,855.74,38.69,15.93,12345674,2.97,130,3228776,0,0,0
37.300694,-3.684258,878.2,12,0,0,0,0,1421.1,855.28,38.81,15.94,12345671,235.32,253,3228899,0,0,0
37.300694,-3.684258,878.2,12,0,0,0,0,1406.6,856.8,38.79,15.77,12345672,221.89,354,3229000,0,0,0
37.300694,-3.684258,878.2,12,0,0,0,0,1423,855.08,38.59,16,12345673,220.13,453,3229099,0,0,0
37.300694,-3.684258,878.2,12,0,0,0,0,1399.3,857.57,38.7,16.04,12345674,3.25,553,3229199,0,0,0
37.300694,-3.684258,878.2,12,0,0,0,0,1401.9,857.29,38.74,15.96,12345671,239.02,653,3229299,0,0,0
37.300694,-3.684258,878.2,12,0,0,0,0,1395.9,857.92,38.76,16,12345672,219.73,754,3229400,0,0,0
37.300694,-3.684258,878.2,12,0,0,0,0,1405.4,856.93,38.74,16.06,12345673,219.68,854,3229500,0,0,0
37.300694,-3.684258,878.2,12,0,0,0,0,1403.6,857.11,38.83,15.98,0,-1,945,3229591,0,0,0
37.300758,-3.684312,878.2,12,0,0,0,0,1404,857.07,38.63,16.01,0,-1,23,3229706,0,0,0
37.300758,-3.684312,878.2,12,0,0,0,0,1401.1,857.38,38.67,15.88,0,-1,122,3229805,0,0,0
37.300758,-3.684312,878.2,12,0,0,0,0,1393.1,858.22,38.67,15.92,0,-1,223,3229906,0,0,0
37.300758,-3.684312,878.2,12,0,0,0,0,1404.9,856.98,38.47,15.98,0,-1,323,3230006,0,0,0
37.300758,-3.684312,878.2,12,0,0,0,0,1399.3,857.56,38.58,15.92,0,-1,423,3230106,0,0,0
37.300758,-3.684312,878.2,12,0,0,0,0,1379.6,859.63,38.59,15.99,0,-1,522,3230205,0,0,0
37.300758,-3.684312,878.2,12,0,0,0,0,1384.8,859.09,38.45,15.99,0,-1,622,3230305,0,0,0
37.300758,-3.684312,878.2,12,0,0,0,0,1393.7,858.15,38.4,16.07,0,-1,722,3230405,0,0,0
37.300758,-3.684312,878.2,12,0,0,0,0,1387,858.86,38.45,15.95,12345674,-1,856,3230539,0,0,0
37.300854,-3.684312,878.2,12,0,0,0,0,1384,859.17,38.49,15.96,12345671,216.93,30,3230640,0,0,0
37.300854,-3.684312,878.2,12,0,0,0,0,1380.3,859.56,38.5,15.93,12345672,218.28,130,3230740,0,0,0
37.300854,-3.684312,908.1,12,0,0,0,0,1393,858.23,38.38,15.99,12345673,216.71,31,3230862,0,0,0
37.300854,-3.684312,908.1,12,0,0,0,0,1380.3,859.56,38.32,16.05,12345674,3.06,131,3230962,0,0,0
37.300854,-3.684312,908.1,12,0,0,0,0,1396.1,857.9,38.22,15.94,0,-1,223,3231054,0,0,0
37.300854,-3.684312,908.1,12,0,0,0,0,1382.5,859.33,38.03,16.04,0,-1,322,3231153,0,0,0
37.300854,-3.684312,908.1,12,0,0,0,0,1375.5,860.07,38.34,15.94,0,-1,422,3231253,0,0,0
37.300854,-3.684312,908.1,12,0,0,0,0,1379.8,859.61,38.47,15.88,0,-1,526,3231357,0,0,0
37.300854,-3.684312,908.1,12,0,0,0,0,1385.4,859.02,38.18,15.99,0,-1,626,3231457,0,0,0
37.300854,-3.684312,908.1,12,0,0,0,0,1386.6,858.9,38.18,15.96,0,-1,726,3231557,0,0,0
37.300854,-3.684312,908.1,12,0,0,0,0,1377.4,859.87,38.36,15.96,0,-1,827,3231658,0,0,0
37.300854,-3.684312,908.1,12,0,0,0,0,1386.8,858.88,38.29,16.05,0,-1,927,3231758,0,0,0
37.300854,-3.684312,908.1,12,0,0,0,0,1377.1,859.9,38.38,16.05,0,-1,1027,3231858,0,0,0
37.300854,-3.684312,908.1,12,0,0,0,0,1373.8,860.25,38.25,15.97,0,-1,1127,3231958,0,0,0
37.300854,-3.684312,908.1,12,0,0,0,0,1371.9,860.45,38.23,16.05,12345671,-1,1235,3232066,0,0,0
37.300854,-3.684312,908.1,12,0,0,0,0,1370.4,860.6,38.31,15.91,12345672,217.97,1360,3232191,0,0,0
37.300854,-3.684312,908.1,12,0,0,0,0,1367.1,860.95,38.31,16.03,12345673,215.4,1460,3232291,0,0,0
37.300854,-3.684312,908.1,12,0,0,0,0,1380.7,859.52,38.07,15.85,12345674,3.38,1559,3232390,0,0,0
37.300854,-3.684312,908.1,12,0,0,0,0,1358.7,861.84,38.27,15.99,0,-1,1651,3232482,0,0,0
37.300854,-3.684312,908.1,12,0,0,0,0,1376.7,859.94,38.16,15.93,0,-1,1752,3232583,0,0,0
37.30101,-3.684352,908.1,12,0,0,0,0,1374.8,860.14,38.2,15.91,0,-1,22,3232683,0,0,0
37.30101,-3.684352,917.3,12,0,0,0,0,1375.5,860.07,38.11,16.02,0,-1,22,3232783,0,0,0
37.30101,-3.684352,917.3,12,0,0,0,0,1364,861.28,38.29,15.87,0,-1,121,3232882,0,0,0
37.30101,-3.684352,917.3,12,0,0,0,0,1377.9,859.81,38.22,15.99,0,-1,241,3233002,0,0,0
37.30101,-3.684352,917.3,12,0,0,0,0,1363.8,861.3,38.13,16.09,0,-1,340,3233101,0,0,0
37.30101,-3.684352,917.3,12,0,0,0,0,1349.7,862.78,38.14,15.98,0,-1,440,3233201,0,0,0
37.30101,-3.684352,917.3,12,0,0,0,0,1372.9,860.34,38.18,16.01,0,-1,540,3233301,0,0,0
37.30101,-3.684352,917.3,12,0,0,0,0,1346.4,863.13,38.14,15.94,12345671,-1,647,3233408,0,0,0
37.30101,-3.684352,917.3,12,0,0,0,0,1351,862.65,38.2,16.04,12345672,213.46,748,3233509,0,0,0
37.30101,-3.684352,917.3,12,0,0,0,0,1345.8,863.2,38.23,15.81,12345673,213.06,849,3233610,0,0,0
37.301033,-3.684437,917.3,12,0,0,0,0,1354.4,862.29,38.2,15.74,0,-1,22,3233702,0,0,0
37.301033,-3.684437,921.1,11,0,0,0,0,1348.3,862.93,38.16,15.9,0,-1,23,3233838,0,0,0
37.301033,-3.684437,921.1,11,0,0,0,0,1344.5,863.33,38.18,15.97,0,-1,146,3233961,0,0,0
37.301033,-3.684437,921.1,11,0,0,0,0,1346.2,863.15,38.03,16,0,-1,246,3234061,0,0,0
37.301033,-3.684437,921.1,11,0,0,0,0,1354.1,862.32,38.03,15.99,0,-1,346,3234161,0,0,0
37.301033,-3.684437,921.1,11,0,0,0,0,1344.9,863.29,38.16,15.98,0,-1,446,3234261,0,0,0
37.301033,-3.684437,921.1,11,0,0,0,0,1351.3,862.62,37.89,15.9,0,-1,546,3234361,0,0,0
37.301033,-3.684437,921.1,11,0,0,0,0,1343.8,863.41,38.16,15.99,0,-1,646,3234461,0,0,0
37.301033,-3.684437,921.1,11,0,0,0,0,1336,864.23,38.03,15.9,0,-1,746,3234561,0,0,0
37.30106,-3.684525,921.1,11,0,0,0,0,1336.9,864.14,38.11,15.95,12345674,-1,31,3234677,0,0,0
37.30106,-3.684525,921.1,11,0,0,0,0,1345.9,863.19,38.05,16.1,0,-1,123,3234769,0,0,0
37.30106,-3.684525,921.1,11,0,0,0,0,1352.2,862.52,38.25,15.96,0,-1,223,3234869,0,0,0
37.30106,-3.684525,921.1,11,0,0,0,0,1335.8,864.25,38.16,15.92,0,-1,323,3234969,0,0,0
37.30106,-3.684525,921.1,11,0,0,0,0,1337,864.13,38.16,15.92,0,-1,422,3235068,0,0,0
37.30106,-3.684525,921.1,11,0,0,0,0,1343.1,863.48,37.96,15.99,0,-1,522,3235168,0,0,0
37.30106,-3.684525,921.1,11,0,0,0,0,1331.5,864.71,37.98,15.98,0,-1,622,3235268,0,0,0
37.30106,-3.684525,921.1,11,0,0,0,0,1324.5,865.45,38.11,16.06,0,-1,723,3235369,0,0,0
37.30106,-3.684525,921.1,11,0,0,0,0,1343.6,863.43,38.29,15.96,0,-1,839,3235485,0,0,0
37.30106,-3.684525,921.1,11,0,0,0,0,1327.8,865.1,38.05,16.15,0,-1,940,3235586,0,0,0
37.301102,-3.684571,921.1,11,0,0,0,0,1344.7,863.31,38.05,15.98,12345671,-1,30,3235693,0,0,0
37.301102,-3.684571,937.1,11,0,0,0,0,1332.1,864.64,37.94,15.94,12345672,211.52,31,3235795,0,0,0
37.301102,-3.684571,937.1,11,0,0,0,0,1336.6,864.17,37.89,16.11,12345673,204.76,130,3235894,0,0,0
37.301102,-3.684571,937.1,11,0,0,0,0,1322.6,865.65,38.09,15.9,12345674,2.93,230,3235994,0,0,0
37.301102,-3.684571,937.1,11,0,0,0,0,1313.6,866.6,38.14,16.07,12345671,233.56,330,3236094,0,0,0
37.301102,-3.684571,937.1,11,0,0,0,0,1337.6,864.06,38.07,16.02,0,-1,421,3236185,0,0,0
37.301102,-3.684571,937.1,11,0,0,0,0,1321,865.82,38.05,16.06,0,-1,537,3236301,0,0,0
37.301102,-3.684571,937.1,11,0,0,0,0,1326.2,865.27,37.96,15.93,0,-1,637,3236401,0,0,0
37.301102,-3.684571,937.1,11,0,0,0,0,1328.9,864.98,37.82,16.06,0,-1,737,3236501,0,0,0
37.301102,-3.684571,937.1,11,0,0,0,0,1326.8,865.2,37.93,15.92,0,-1,837,3236601,0,0,0
37.301144,-3.684577,937.1,11,0,0,0,0,1325.5,865.34,37.82,16.08,0,-1,23,3236702,0,0,0
37.301144,-3.684577,948.1,12,0,0,0,0,1327,865.18,38.03,16.06,0,-1,23,3236802,0,0,0
37.301144,-3.684577,948.1,12,0,0,0,0,1323.3,865.57,37.87,16.03,0,-1,122,3236901,0,0,0
37.301144,-3.684577,948.1,12,0,0,0,0,1315.8,866.37,37.85,16.05,0,-1,223,3237002,0,0,0
37.301144,-3.684577,948.1,12,0,0,0,0,1300.4,868,37.84,16.09,12345672,-1,401,3237180,0,0,0
37.301144,-3.684577,948.1,12,0,0,0,0,1298.8,868.17,38.03,16.06,12345673,199.98,502,3237281,0,0,0
37.301144,-3.684577,948.1,12,0,0,0,0,1312.2,866.75,37.93,16.05,12345674,2.88,601,3237380,0,0,0
37.301144,-3.684577,948.1,12,0,0,0,0,1321.2,865.8,37.93,16.08,12345671,228.02,701,3237480,0,0,0
37.301144,-3.684577,948.1,12,0,0,0,0,1323.9,865.51,37.73,16.1,12345672,207.56,801,3237580,0,0,0
37.301186,-3.684593,948.1,12,0,0,0,0,1310.4,866.94,37.78,16.04,12345673,202.51,30,3237681,0,0,0
37.301186,-3.684593,948.1,12,0,0,0,0,1304.9,867.52,37.89,16.13,12345674,2.88,130,3237781,0,0,0
37.301186,-3.684593,948.1,12,0,0,0,0,1304.7,867.54,38.02,16.11,0,-1,221,3237872,0,0,0
37.301186,-3.684593,948.1,12,0,0,0,0,1309.5,867.03,37.94,16.12,0,-1,332,3237983,0,0,0
37.301186,-3.684593,948.1,12,0,0,0,0,1294.5,868.62,37.73,16.07,0,-1,432,3238083,0,0,0
37.301186,-3.684593,948.1,12,0,0,0,0,1304.1,867.61,37.82,16.09,0,-1,531,3238182,0,0,0
37.301186,-3.684593,948.1,12,0,0,0,0,1297.5,868.31,37.64,16.21,0,-1,631,3238282,0,0,0
37.301186,-3.684593,948.1,12,0,0,0,0,1282,869.95,37.85,16.07,0,-1,731,3238382,0,0,0
37.301186,-3.684593,948.1,12,0,0,0,0,1287.9,869.32,38.07,16.09,0,-1,831,3238482,0,0,0
37.301186,-3.684593,948.1,12,0,0,0,0,1295.2,868.55,37.93,16.19,0,-1,931,3238582,0,0,0
37.301205,-3.684642,948.1,12,0,0,0,0,1298.3,868.22,37.71,16.07,0,-1,22,3238683,0,0,0
37.301205,-3.684642,965.9,12,0,0,0,0,1289.2,869.19,37.89,16.12,12345671,-1,30,3238818,0,0,0
37.301205,-3.684642,965.9,12,0,0,0,0,1290.5,869.05,37.76,16.15,12345672,205.57,130,3238918,0,0,0
37.301205,-3.684642,965.9,12,0,0,0,0,1282.9,869.85,37.75,16.13,12345673,198.45,230,3239018,0,0,0
37.301205,-3.684642,965.9,12,0,0,0,0,1288.3,869.28,37.58,16.24,12345674,3.34,330,3239118,0,0,0
37.301205,-3.684642,965.9,12,0,0,0,0,1304,867.62,37.71,16.14,12345671,225.63,430,3239218,0,0,0
37.301205,-3.684642,965.9,12,0,0,0,0,1289.4,869.16,37.82,16.24,0,-1,522,3239310,0,0,0
37.301205,-3.684642,965.9,12,0,0,0,0,1291.3,868.96,37.55,16.17,0,-1,622,3239410,0,0,0
37.301205,-3.684642,965.9,12,0,0,0,0,1292.3,868.86,37.73,16.18,0,-1,722,3239510,0,0,0
37.301205,-3.684642,965.9,12,0,0,0,0,1270.1,871.21,37.71,16.18,0,-1,848,3239636,0,0,0
37.301205,-3.684642,965.9,12,0,0,0,0,1286.9,869.43,37.6,16.19,0,-1,948,3239736,0,0,0
37.30125,-3.684632,978.4,12,0,0,0,0,1290.9,869.01,37.51,16.19,0,-1,22,3239836,0,0,0
37.30125,-3.684632,978.4,12,0,0,0,0,1271.2,871.1,37.6,16.18,0,-1,122,3239936,0,0,0
37.30125,-3.684632,978.4,12,0,0,0,0,1290.2,869.08,37.55,16.17,0,-1,222,3240036,0,0,0
37.30125,-3.684632,978.4,12,0,0,0,0,1287.6,869.36,37.57,16.27,0,-1,322,3240136,0,0,0
37.30125,-3.684632,978.4,12,0,0,0,0,1273.4,870.86,37.66,16.15,12345672,-1,429,3240243,0,0,0
37.30125,-3.684632,978.4,12,0,0,0,0,1274.5,870.75,37.6,16.17,12345673,196.11,560,3240374,0,0,0
37.30125,-3.684632,978.4,12,0,0,0,0,1274.7,870.72,37.53,16.21,12345674,2.84,671,3240485,0,0,0
37.30125,-3.684632,978.4,12,0,0,0,0,1284.4,869.7,37.44,16.18,12345671,220.18,772,3240586,0,0,0
37.301304,-3.68463,978.4,12,0,0,0,0,1278,870.37,37.48,16.19,12345672,200.89,30,3240686,0,0,0
37.301304,-3.68463,983.9,11,0,0,0,0,1283.1,869.83,37.33,16.23,12345673,195.03,30,3240786,0,0,0
37.301304,-3.68463,983.9,11,0,0,0,0,1265.9,871.66,37.35,16.12,12345674,2.93,131,3240887,0,0,0
37.301304,-3.68463,983.9,11,0,0,0,0,1257.8,872.52,37.48,16.18,12345671,220.94,230,3240986,0,0,0
37.301304,-3.68463,983.9,11,0,0,0,0,1278.1,870.36,37.82,16.07,12345672,200.3,330,3241086,0,0,0
37.301304,-3.68463,983.9,11,0,0,0,0,1259,872.39,37.53,16.24,12345673,193.54,429,3241185,0,0,0
37.301304,-3.68463,983.9,11,0,0,0,0,1270.9,871.13,37.44,16.21,12345674,2.84,547,3241303,0,0,0
37.301304,-3.68463,983.9,11,0,0,0,0,1271.5,871.07,37.29,16.14,12345671,222.84,647,3241403,0,0,0
37.301304,-3.68463,983.9,11,0,0,0,0,1265.6,871.69,37.42,16.14,12345672,200.39,747,3241503,0,0,0
37.301304,-3.68463,983.9,11,0,0,0,0,1266.3,871.62,37.33,16.3,12345673,195.03,848,3241604,0,0,0
37.301308,-3.684603,983.9,11,0,0,0,0,1274.4,870.76,37.2,16.2,12345674,2.93,31,3241704,0,0,0
37.301308,-3.684603,997.7,12,0,0,0,0,1248.3,873.53,37.33,16.27,0,-1,23,3241796,0,0,0
37.301308,-3.684603,997.7,12,0,0,0,0,1255.2,872.8,37.44,16.19,0,-1,123,3241896,0,0,0
37.301308,-3.684603,997.7,12,0,0,0,0,1265.8,871.67,37.24,16.26,0,-1,223,3241996,0,0,0
37.301308,-3.684603,997.7,12,0,0,0,0,1262.2,872.05,37.37,16.26,0,-1,350,3242123,0,0,0
37.301308,-3.684603,997.7,12,0,0,0,0,1254.5,872.87,37.48,16.3,0,-1,450,3242223,0,0,0
37.301308,-3.684603,997.7,12,0,0,0,0,1258.7,872.43,37.26,16.29,0,-1,550,3242323,0,0,0
37.301308,-3.684603,997.7,12,0,0,0,0,1260.9,872.19,37.26,16.25,0,-1,650,3242423,0,0,0
37.301308,-3.684603,997.7,12,0,0,0,0,1262.4,872.03,37.24,16.18,0,-1,750,3242523,0,0,0
37.301319,-3.684681,997.7,12,0,0,0,0,1262.8,871.99,37.28,16.44,0,-1,22,3242624,0,0,0
37.301319,-3.684681,997.7,12,0,0,0,0,1245.5,873.83,37.19,16.32,12345671,-1,129,3242731,0,0,0
37.301319,-3.684681,997.7,12,0,0,0,0,1236.8,874.76,37.35,16.16,0,-1,222,3242824,0,0,0
37.301319,-3.684681,997.7,12,0,0,0,0,1266.9,871.55,36.95,16.34,0,-1,353,3242955,0,0,0
37.301319,-3.684681,997.7,12,0,0,0,0,1255.1,872.81,37.1,16.25,0,-1,453,3243055,0,0,0
37.301319,-3.684681,997.7,12,0,0,0,0,1255.4,872.78,36.97,16.16,0,-1,552,3243154,0,0,0
37.301319,-3.684681,997.7,12,0,0,0,0,1248,873.57,37.29,16.18,0,-1,652,3243254,0,0,0
37.301319,-3.684681,997.7,12,0,0,0,0,1234.5,875.01,37.24,16.31,0,-1,752,3243354,0,0,0
37.301319,-3.684681,997.7,12,0,0,0,0,1248.5,873.51,37.2,16.28,0,-1,867,3243469,0,0,0
37.301319,-3.684681,997.7,12,0,0,0,0,1238,874.63,37.17,16.19,0,-1,967,3243569,0,0,0
37.301296,-3.684794,997.7,12,0,0,0,0,1259.5,872.34,36.99,16.2,0,-1,23,3243670,0,0,0
37.301296,-3.684794,997.7,12,0,0,0,0,1236.7,874.77,37.01,16.09,12345672,-1,143,3243790,0,0,0
37.301296,-3.684794,997.7,12,0,0,0,0,1241,874.31,37.13,16.15,12345673,191.69,243,3243890,0,0,0
37.301296,-3.684794,997.7,12,0,0,0,0,1239.9,874.43,36.84,16.18,12345674,3.25,344,3243991,0,0,0
37.301296,-3.684794,997.7,12,0,0,0,0,1240.1,874.41,37.01,16.15,0,-1,434,3244081,0,0,0
37.301296,-3.684794,997.7,12,0,0,0,0,1231.2,875.36,37.06,16.13,0,-1,535,3244182,0,0,0
37.301296,-3.684794,997.7,12,0,0,0,0,1228.5,875.65,36.92,16.2,0,-1,635,3244282,0,0,0
37.301296,-3.684794,997.7,12,0,0,0,0,1242.6,874.14,36.93,16.16,0,-1,735,3244382,0,0,0
37.301296,-3.684794,997.7,12,0,0,0,0,1229.5,875.54,37.2,16.21,0,-1,834,3244481,0,0,0
37.301296,-3.684794,997.7,12,0,0,0,0,1235.8,874.87,37.11,16.25,0,-1,947,3244594,0,0,0
37.301296,-3.684794,997.7,12,0,0,0,0,1232.8,875.19,37.15,16.24,0,-1,1047,3244694,0,0,0
37.301258,-3.684896,1060.3,12,0,0,0,0,1218.9,876.67,37.06,16.23,0,-1,22,3244794,0,0,0
37.301258,-3.684896,1060.3,12,0,0,0,0,1235.8,874.87,37.11,16.16,0,-1,121,3244893,0,0,0
37.301258,-3.684896,1060.3,12,0,0,0,0,1236.6,874.78,36.9,16.23,12345671,-1,229,3245001,0,0,0
37.301258,-3.684896,1060.3,12,0,0,0,0,1218.3,876.74,37.1,16.18,12345672,194.13,330,3245102,0,0,0
37.301258,-3.684896,1060.3,12,0,0,0,0,1208.1,877.83,36.99,16.08,12345673,186.6,429,3245201,0,0,0
37.301258,-3.684896,1060.3,12,0,0,0,0,1234,875.06,36.92,16.23,12345674,2.84,530,3245302,0,0,0
37.301258,-3.684896,1060.3,12,0,0,0,0,1221.3,876.41,36.93,16.16,12345671,214.54,655,3245427,0,0,0
37.301258,-3.684896,1060.3,12,0,0,0,0,1230.6,875.42,36.86,16.22,12345672,192.73,754,3245526,0,0,0
37.301254,-3.684897,1060.3,12,0,0,0,0,1218.7,876.69,36.9,16.17,12345673,187.05,30,3245627,0,0,0
37.301254,-3.684897,1060.3,12,0,0,0,0,1220.4,876.51,36.75,16.24,12345674,2.88,130,3245727,0,0,0
37.301254,-3.684897,1060.3,12,0,0,0,0,1214,877.2,36.92,16.25,12345671,215.31,230,3245827,0,0,0
37.301254,-3.684897,1060.3,12,0,0,0,0,1211.2,877.5,37.11,16.12,12345672,190.61,331,3245928,0,0,0
37.301254,-3.684897,1060.3,12,0,0,0,0,1214.3,877.16,36.95,16.22,12345673,185.65,430,3246027,0,0,0
37.301254,-3.684897,1060.3,12,0,0,0,0,1221.3,876.41,36.88,16.19,12345674,2.93,530,3246127,0,0,0
37.301254,-3.684897,1060.3,12,0,0,0,0,1211.2,877.49,36.88,16.14,12345671,214.27,668,3246265,0,0,0
37.301254,-3.684897,1060.3,12,0,0,0,0,1202.7,878.4,36.86,16.14,12345672,188.31,768,3246365,0,0,0
37.301254,-3.684897,1060.3,12,0,0,0,0,1208.1,877.83,36.99,16.19,12345673,183.49,868,3246465,0,0,0
37.301254,-3.684897,1060.3,12,0,0,0,0,1205,878.16,36.57,16.27,12345674,3.25,995,3246592,0,0,0
37.301243,-3.684915,1060.3,12,0,0,0,0,1189.1,879.86,36.93,16.18,12345671,214.86,31,3246693,0,0,0
37.301243,-3.684915,109,12,0,0,0,0,1209.9,877.63,36.66,16.1,12345672,188.18,30,3246792,0,0,0
37.301243,-3.684915,109,12,0,0,0,0,1202.3,878.45,36.77,16.25,12345673,182.77,131,3246893,0,0,0
37.301243,-3.684915,109,12,0,0,0,0,1219.1,876.65,36.88,16.24,12345674,2.75,230,3246992,0,0,0
37.301243,-3.684915,109,12,0,0,0,0,1186.7,880.12,36.82,16.15,12345671,212.83,353,3247115,0,0,0
37.301243,-3.684915,109,12,0,0,0,0,1201.1,878.58,36.66,16.17,12345672,185.29,452,3247214,0,0,0
37.301243,-3.684915,109,12,0,0,0,0,1204.1,878.25,36.84,16.25,12345673,183.4,551,3247313,0,0,0
37.301243,-3.684915,109,12,0,0,0,0,1200.8,878.61,36.79,16.24,12345674,2.3,652,3247414,0,0,0
37.301243,-3.684915,109,12,0,0,0,0,1201.1,878.58,36.72,16.19,12345671,213.42,751,3247513,0,0,0
37.301243,-3.684915,109,12,0,0,0,0,1195.2,879.21,36.73,16.18,12345672,189.08,852,3247614,0,0,0
37.301235,-3.684959,109,12,0,0,0,0,1208.9,877.74,36.43,16.28,12345673,182.54,32,3247715,0,0,0
37.301235,-3.684959,1106.9,11,0,0,0,0,1196.1,879.11,36.63,16.25,12345674,2.75,31,3247814,0,0,0
37.301235,-3.684959,1106.9,11,0,0,0,0,1178.6,880.99,36.84,16.2,12345671,212.38,154,3247937,0,0,0
37.301235,-3.684959,1106.9,11,0,0,0,0,1192.5,879.5,36.64,16.27,12345672,188.58,255,3248038,0,0,0
37.301235,-3.684959,1106.9,11,0,0,0,0,1191.1,879.65,36.72,16.27,12345673,180.83,354,3248137,0,0,0
37.301235,-3.684959,1106.9,11,0,0,0,0,1191.4,879.61,36.7,16.27,12345674,2.79,453,3248236,0,0,0
37.301235,-3.684959,1106.9,11,0,0,0,0,1195,879.23,36.57,16.32,12345671,212.97,554,3248337,0,0,0
37.301235,-3.684959,1106.9,11,0,0,0,0,1192.1,879.54,36.61,16.21,12345672,186.64,654,3248437,0,0,0
37.301235,-3.684959,1106.9,11,0,0,0,0,1194.9,879.24,36.52,16.27,12345673,179.79,753,3248536,0,0,0
37.301235,-3.684959,1106.9,11,0,0,0,0,1170.5,881.86,36.52,16.3,12345674,3.06,855,3248638,0,0,0
37.301235,-3.684959,1106.9,11,0,0,0,0,1177.9,881.06,36.59,16.24,12345671,218.06,987,3248770,0,0,0
37.301235,-3.684959,1106.9,11,0,0,0,0,1177.3,881.13,36.63,16.24,12345672,184.71,1086,3248869,0,0,0
37.301235,-3.684959,1106.9,11,0,0,0,0,1185.3,880.27,36.5,16.23,12345673,177.67,1187,3248970,0,0,0
37.301235,-3.684959,1106.9,11,0,0,0,0,1185.4,880.26,36.61,16.27,12345674,3.56,1286,3249069,0,0,0
37.301235,-3.684959,1106.9,11,0,0,0,0,1176.4,881.22,36.55,16.27,12345671,208.95,1386,3249169,0,0,0
37.301235,-3.684959,1106.9,11,0,0,0,0,1171.4,881.76,36.7,16.38,12345672,184.8,1486,3249269,0,0,0
37.301235,-3.684959,1106.9,11,0,0,0,0,1168.1,882.11,36.41,16.35,12345673,177.72,1587,3249370,0,0,0
37.301235,-3.684959,1106.9,11,0,0,0,0,1172,881.7,36.55,16.3,12345674,3.52,1687,3249470,0,0,0
37.301235,-3.684959,1106.9,11,0,0,0,0,1188.5,879.93,36.34,16.39,12345671,200.3,1819,3249602,0,0,0
37.301228,-3.684957,1106.9,11,0,0,0,0,1151.6,883.89,36.46,16.33,12345672,182.32,31,3249729,0,0,0
37.301228,-3.684957,1106.9,11,0,0,0,0,1176.9,881.17,36.3,16.31,12345673,175.92,130,3249828,0,0,0
37.301228,-3.684957,1106.9,11,0,0,0,0,1178.1,881.04,36.36,16.22,0,-1,222,3249920,0,0,0
37.301228,-3.684957,1106.9,11,0,0,0,0,1169.5,881.96,36.34,16.35,0,-1,321,3250019,0,0,0
37.301228,-3.684957,1106.9,11,0,0,0,0,1160.1,882.97,36.48,16.28,0,-1,421,3250119,0,0,0
37.301228,-3.684957,1106.9,11,0,0,0,0,1169.3,881.99,36.41,16.41,0,-1,521,3250219,0,0,0
37.301228,-3.684957,1106.9,11,0,0,0,0,1175.8,881.29,36.25,16.49,0,-1,621,3250319,0,0,0
37.301228,-3.684957,1106.9,11,0,0,0,0,1159.9,882.99,36.66,16.36,0,-1,737,3250435,0,0,0
37.301228,-3.684957,1106.9,11,0,0,0,0,1169.3,881.99,36.41,16.36,0,-1,837,3250535,0,0,0
37.301228,-3.684957,1106.9,11,0,0,0,0,1165.8,882.36,36.25,16.31,0,-1,938,3250636,0,0,0
37.301228,-3.684957,1106.9,11,0,0,0,0,1172,881.7,36.16,16.47,0,-1,1038,3250736,0,0,0
37.301228,-3.684957,1106.9,11,0,0,0,0,1166.8,882.25,36.19,16.38,12345674,-1,1147,3250845,0,0,0
37.301228,-3.684957,1106.9,11,0,0,0,0,1166.6,882.27,36.37,16.23,0,-1,1239,3250937,0,0,0
37.301228,-3.684957,1106.9,11,0,0,0,0,1153.8,883.65,36.52,16.48,0,-1,1339,3251037,0,0,0
37.301228,-3.684957,1106.9,11,0,0,0,0,1171.7,881.73,36.23,16.27,0,-1,1438,3251136,0,0,0
37.301228,-3.684957,1106.9,11,0,0,0,0,1153.6,883.67,36.3,16.42,0,-1,1560,3251258,0,0,0
37.301228,-3.684957,1106.9,11,0,0,0,0,1156.7,883.34,36.43,16.3,0,-1,1660,3251358,0,0,0
37.301228,-3.684957,1106.9,11,0,0,0,0,1153.4,883.69,36.14,16.28,0,-1,1760,3251458,0,0,0
37.301228,-3.684957,1106.9,11,0,0,0,0,1145.4,884.55,36.27,16.4,0,-1,1861,3251559,0,0,0
37.301296,-3.6849,1106.9,11,0,0,0,0,1137.5,885.41,36.34,16.34,0,-1,22,3251659,0,0,0
37.301296,-3.6849,1162.2,12,0,0,0,0,1144.7,884.63,36.19,16.41,0,-1,22,3251759,0,0,0
37.301296,-3.6849,1162.2,12,0,0,0,0,1158.3,883.17,36.17,16.4,12345671,-1,130,3251867,0,0,0
37.301296,-3.6849,1162.2,12,0,0,0,0,1146.7,884.41,36.08,16.42,12345672,178.8,230,3251967,0,0,0
37.301296,-3.6849,1162.2,12,0,0,0,0,1150.4,884.02,35.96,16.42,12345673,172.4,367,3252104,0,0,0
37.301296,-3.6849,1162.2,12,0,0,0,0,1142.1,884.91,36.16,16.41,0,-1,458,3252195,0,0,0
37.301296,-3.6849,1162.2,12,0,0,0,0,1122.9,886.98,36.17,16.42,0,-1,558,3252295,0,0,0
37.301296,-3.6849,1162.2,12,0,0,0,0,1147.4,884.34,35.99,16.31,0,-1,658,3252395,0,0,0
37.301296,-3.6849,1162.2,12,0,0,0,0,1152.3,883.81,36.08,16.46,0,-1,758,3252495,0,0,0
37.301296,-3.6849,1162.2,12,0,0,0,0,1142.9,884.82,36.28,16.5,0,-1,859,3252596,0,0,0
37.301315,-3.684874,1162.2,12,0,0,0,0,1141.6,884.96,36.07,16.61,0,-1,22,3252696,0,0,0
37.301315,-3.684874,1169,12,0,0,0,0,1140.2,885.11,36.19,16.43,0,-1,23,3252818,0,0,0
37.301315,-3.684874,1169,12,0,0,0,0,1145.7,884.52,36.14,16.41,0,-1,128,3252923,0,0,0
37.301315,-3.684874,1169,12,0,0,0,0,1132.4,885.95,36.14,16.38,0,-1,227,3253022,0,0,0
37.301315,-3.684874,1169,12,0,0,0,0,1135.5,885.62,36.27,16.44,12345674,-1,335,3253130,0,0,0
37.301315,-3.684874,1169,12,0,0,0,0,1124.5,886.81,36.21,16.44,0,-1,427,3253222,0,0,0
37.301315,-3.684874,1169,12,0,0,0,0,1147.9,884.29,36.03,16.43,0,-1,527,3253322,0,0,0
37.301315,-3.684874,1169,12,0,0,0,0,1133.6,885.83,36.08,16.53,0,-1,627,3253422,0,0,0
37.301315,-3.684874,1169,12,0,0,0,0,1121.8,887.1,36.17,16.56,0,-1,727,3253522,0,0,0
37.301315,-3.684874,1169,12,0,0,0,0,1133.9,885.79,36.12,16.42,0,-1,828,3253623,0,0,0
37.301315,-3.684874,1169,12,0,0,0,0,1121.4,887.14,36.08,16.46,0,-1,938,3253733,0,0,0
37.301315,-3.684874,1169,12,0,0,0,0,1131.3,886.07,36.14,16.56,0,-1,1038,3253833,0,0,0
37.301315,-3.684874,1169,12,0,0,0,0,1125.9,886.65,35.85,16.38,0,-1,1138,3253933,0,0,0
37.301315,-3.684874,1169,12,0,0,0,0,1111.2,888.24,36.21,16.43,0,-1,1237,3254032,0,0,0
37.301315,-3.684874,1169,12,0,0,0,0,1138.6,885.29,35.99,16.49,12345671,-1,1346,3254141,0,0,0
37.301315,-3.684874,1169,12,0,0,0,0,1136,885.57,35.96,16.57,12345672,174.25,1447,3254242,0,0,0
37.301315,-3.684874,1169,12,0,0,0,0,1129.1,886.31,36.14,16.59,12345673,167.17,1546,3254341,0,0,0
37.301315,-3.684874,1169,12,0,0,0,0,1132.4,885.95,36.14,16.59,12345674,3.25,1647,3254442,0,0,0
37.301315,-3.684874,1169,12,0,0,0,0,1129.5,886.27,36.12,16.55,12345671,200.26,1765,3254560,0,0,0
37.3013,-3.684863,1169,12,0,0,0,0,1130.6,886.15,36.12,16.57,12345672,173.12,30,3254659,0,0,0
37.3013,-3.684863,1169,12,0,0,0,0,1125,886.75,36.01,16.54,12345673,165.69,130,3254759,0,0,0
37.3013,-3.684863,1169,12,0,0,0,0,1109,888.48,36.21,16.65,0,-1,222,3254851,0,0,0
37.3013,-3.684863,1169,12,0,0,0,0,1116.9,887.63,35.98,16.54,0,-1,322,3254951,0,0,0
37.3013,-3.684863,1169,12,0,0,0,0,1114.7,887.86,36.08,16.59,0,-1,422,3255051,0,0,0
37.3013,-3.684863,1169,12,0,0,0,0,1110.2,888.35,36.37,16.67,0,-1,521,3255150,0,0,0
37.3013,-3.684863,1169,12,0,0,0,0,1105.1,888.9,35.96,16.57,0,-1,621,3255250,0,0,0
37.3013,-3.684863,1169,12,0,0,0,0,1105.1,888.9,36.01,16.65,0,-1,743,3255372,0,0,0
37.3013,-3.684863,1169,12,0,0,0,0,1110.3,888.34,36.03,16.6,0,-1,843,3255472,0,0,0
37.3013,-3.684863,1169,12,0,0,0,0,1106.7,888.73,36.1,16.62,0,-1,943,3255572,0,0,0
37.301342,-3.684878,1169,12,0,0,0,0,1110.6,888.31,35.96,16.63,0,-1,22,3255673,0,0,0
37.301342,-3.684878,1176,12,0,0,0,0,1115.8,887.74,36.03,16.71,12345674,-1,30,3255781,0,0,0
37.301342,-3.684878,1176,12,0,0,0,0,1109.1,888.47,35.92,16.6,12345671,197.96,154,3255905,0,0,0
37.301342,-3.684878,1176,12,0,0,0,0,1113.3,888.02,36.05,16.68,12345672,169.7,253,3256004,0,0,0
37.301342,-3.684878,1176,12,0,0,0,0,1096.2,889.86,35.9,16.66,12345673,163.84,353,3256104,0,0,0
37.301342,-3.684878,1176,12,0,0,0,0,1127.7,886.46,35.81,16.74,12345674,3.52,460,3256211,0,0,0
37.301342,-3.684878,1176,12,0,0,0,0,1084.9,891.09,35.92,16.74,12345671,195.25,560,3256311,0,0,0
37.301342,-3.684878,1176,12,0,0,0,0,1093.5,890.16,36.05,16.59,12345672,170.06,659,3256410,0,0,0
37.301342,-3.684878,1176,12,0,0,0,0,1100,889.45,35.99,16.88,12345673,163.52,760,3256511,0,0,0
37.301342,-3.684878,1176,12,0,0,0,0,1082.2,891.38,36.23,16.73,12345674,1.62,860,3256611,0,0,0
37.301376,-3.684908,1176,12,0,0,0,0,1102.9,889.14,35.96,16.92,0,-1,23,3256703,0,0,0
37.301376,-3.684908,1181.3,12,0,0,0,0,1121.9,887.09,35.78,16.78,0,-1,23,3256803,0,0,0
37.301376,-3.684908,1181.3,12,0,0,0,0,1095.7,889.92,36.1,16.93,0,-1,123,3256903,0,0,0
37.301376,-3.684908,1181.3,12,0,0,0,0,1111.8,888.18,36.01,16.85,0,-1,237,3257017,0,0,0
37.301376,-3.684908,1181.3,12,0,0,0,0,1098.4,889.62,35.96,16.81,0,-1,336,3257116,0,0,0
37.301376,-3.684908,1181.3,12,0,0,0,0,1076.3,892.02,36.08,16.92,0,-1,436,3257216,0,0,0
37.301376,-3.684908,1181.3,12,0,0,0,0,1098.2,889.65,35.98,16.86,0,-1,536,3257316,0,0,0
37.301376,-3.684908,1181.3,12,0,0,0,0,1099.9,889.46,35.89,16.84,0,-1,636,3257416,0,0,0
37.301376,-3.684908,1181.3,12,0,0,0,0,1103.5,889.07,35.81,16.88,0,-1,736,3257516,0,0,0
37.301376,-3.684908,1181.3,12,0,0,0,0,1087,890.86,35.76,16.85,12345671,-1,845,3257625,0,0,0
37.301414,-3.68492,1181.3,12,0,0,0,0,1074.6,892.2,35.94,16.98,12345672,166.9,31,3257726,0,0,0
37.301414,-3.68492,1181.3,12,0,0,0,0,1088.5,890.7,35.74,16.86,12345673,161.4,151,3257846,0,0,0
37.301414,-3.68492,1181.3,12,0,0,0,0,1092.4,890.27,35.76,16.9,12345674,2.39,251,3257946,0,0,0
37.301414,-3.68492,1181.3,12,0,0,0,0,1085.5,891.02,35.78,16.95,12345671,194.22,352,3258047,0,0,0
37.301414,-3.68492,1181.3,12,0,0,0,0,1075,892.16,35.87,16.96,12345672,166.81,451,3258146,0,0,0
37.301414,-3.68492,1181.3,12,0,0,0,0,1079.6,891.66,35.74,16.96,12345673,159.1,550,3258245,0,0,0
37.301414,-3.68492,1181.3,12,0,0,0,0,1070.6,892.63,35.92,16.94,12345674,3.16,651,3258346,0,0,0
37.301414,-3.68492,1181.3,12,0,0,0,0,1092.5,890.26,35.81,16.92,12345671,195.25,751,3258446,0,0,0
37.301414,-3.68492,1181.3,12,0,0,0,0,1078.1,891.82,35.71,16.89,12345672,168.07,851,3258546,0,0,0
37.301445,-3.684961,1181.3,12,0,0,0,0,1093.5,890.15,35.71,16.92,12345673,159.47,31,3258676,0,0,0
37.301445,-3.684961,1181.3,12,0,0,0,0,1067.6,892.96,35.85,16.91,12345674,3.92,130,3258775,0,0,0
37.301445,-3.684961,1181.3,12,0,0,0,0,1073.9,892.28,35.81,16.94,0,-1,222,3258867,0,0,0
37.301445,-3.684961,1181.3,12,0,0,0,0,1074.5,892.21,35.72,17.09,0,-1,346,3258991,0,0,0
37.301445,-3.684961,1181.3,12,0,0,0,0,1075.3,892.13,35.74,17.01,0,-1,446,3259091,0,0,0
37.301445,-3.684961,1181.3,12,0,0,0,0,1074.9,892.17,35.71,17.09,0,-1,546,3259191,0,0,0
37.301445,-3.684961,1181.3,12,0,0,0,0,1087.6,890.79,35.67,16.98,0,-1,646,3259291,0,0,0
37.301445,-3.684961,1181.3,12,0,0,0,0,1067.6,892.96,35.74,17.09,0,-1,746,3259391,0,0,0
37.301445,-3.684961,1181.3,12,0,0,0,0,1086.2,890.95,35.69,17.06,0,-1,848,3259493,0,0,0
37.301445,-3.684961,1181.3,12,0,0,0,0,1077.4,891.9,35.69,17.05,0,-1,948,3259593,0,0,0
37.301483,-3.68501,1181.3,12,0,0,0,0,1067.6,892.96,35.74,16.98,0,-1,23,3259694,0,0,0
37.301483,-3.68501,1181.3,12,0,0,0,0,1060.6,893.72,35.76,17.09,12345671,-1,131,3259802,0,0,0
37.301483,-3.68501,1181.3,12,0,0,0,0,1071.6,892.53,35.76,17.09,12345672,167.49,231,3259902,0,0,0
37.301483,-3.68501,1181.3,12,0,0,0,0,1054.1,894.43,35.81,17.17,12345673,158.56,331,3260002,0,0,0
37.301483,-3.68501,1181.3,12,0,0,0,0,1077.1,891.93,35.76,17.06,12345674,4.01,432,3260103,0,0,0
37.301483,-3.68501,1181.3,12,0,0,0,0,1070.7,892.62,35.58,17.19,12345671,194.44,531,3260202,0,0,0
37.301483,-3.68501,1181.3,12,0,0,0,0,1070.5,892.65,35.71,17.21,12345672,168.16,653,3260324,0,0,0
37.301483,-3.68501,1181.3,12,0,0,0,0,1080.8,891.53,35.29,17.1,0,-1,745,3260416,0,0,0
37.301483,-3.68501,1181.3,12,0,0,0,0,1059.8,893.81,35.52,17.14,0,-1,845,3260516,0,0,0
37.301483,-3.68501,1181.3,12,0,0,0,0,1057.2,894.09,35.6,17.2,0,-1,945,3260616,0,0,0
37.301483,-3.68501,1181.3,12,0,0,0,0,1067.9,892.93,35.72,17.24,0,-1,1046,3260717,0,0,0
37.301483,-3.68501,1181.3,12,0,0,0,0,1050.7,894.79,35.71,17.2,0,-1,1146,3260817,0,0,0
37.301483,-3.68501,1181.3,12,0,0,0,0,1084.5,891.13,35.38,17.2,0,-1,1246,3260917,0,0,0
37.301483,-3.68501,1181.3,12,0,0,0,0,1056.9,894.12,35.61,17.22,0,-1,1346,3261017,0,0,0
37.301483,-3.68501,1181.3,12,0,0,0,0,1059.8,893.81,35.63,17.25,0,-1,1456,3261127,0,0,0
37.301483,-3.68501,1181.3,12,0,0,0,0,1042.9,895.64,35.49,17.18,0,-1,1556,3261227,0,0,0
37.301483,-3.68501,1181.3,12,0,0,0,0,1061.5,893.62,35.49,17.29,12345673,-1,1664,3261335,0,0,0
37.301483,-3.68501,1181.3,12,0,0,0,0,1042.3,895.71,35.58,17.24,12345674,4.06,1764,3261435,0,0,0
37.301483,-3.68501,1181.3,12,0,0,0,0,1075.4,892.11,35.51,17.35,12345671,189.98,1864,3261535,0,0,0
37.301483,-3.68501,1181.3,12,0,0,0,0,1058.7,893.93,35.58,17.29,12345672,163.7,1965,3261636,0,0,0
37.301437,-3.685107,1181.3,12,0,0,0,0,1046.5,895.25,35.47,17.19,12345673,152.61,31,3261736,0,0,0
37.301437,-3.685107,1208.2,12,0,0,0,0,1057.8,894.02,35.45,17.29,12345674,3.7,32,3261837,0,0,0
37.301437,-3.685107,1208.2,12,0,0,0,0,1044.2,895.5,35.71,17.43,0,-1,161,3261966,0,0,0
37.301437,-3.685107,1208.2,12,0,0,0,0,1049.8,894.89,35.42,17.26,0,-1,260,3262065,0,0,0
37.301437,-3.685107,1208.2,12,0,0,0,0,1041,895.85,35.36,17.38,0,-1,378,3262183,0,0,0
37.301437,-3.685107,1208.2,12,0,0,0,0,1049.1,894.97,35.45,17.4,0,-1,478,3262283,0,0,0
37.301437,-3.685107,1208.2,12,0,0,0,0,1047.2,895.17,35.38,17.35,0,-1,578,3262383,0,0,0
37.301437,-3.685107,1208.2,12,0,0,0,0,1038.5,896.12,35.43,17.46,0,-1,678,3262483,0,0,0
37.301437,-3.685107,1208.2,12,0,0,0,0,1042.9,895.64,35.49,17.45,0,-1,778,3262583,0,0,0
37.301357,-3.685112,1208.2,12,0,0,0,0,1061.9,893.58,35.47,17.4,0,-1,23,3262684,0,0,0
37.301357,-3.685112,1216.9,11,0,0,0,0,1042.5,895.69,35.34,17.48,0,-1,22,3262788,0,0,0
37.301357,-3.685112,1216.9,11,0,0,0,0,1038.3,896.14,35.16,17.48,12345671,-1,130,3262896,0,0,0
37.301357,-3.685112,1216.9,11,0,0,0,0,1034.6,896.55,35.52,17.46,12345672,160.05,230,3262996,0,0,0
37.301357,-3.685112,1216.9,11,0,0,0,0,1022.4,897.87,35.87,17.63,12345673,148.6,330,3263096,0,0,0
37.301357,-3.685112,1216.9,11,0,0,0,0,1033,896.72,35.38,17.56,12345674,3.2,430,3263196,0,0,0
37.301357,-3.685112,1216.9,11,0,0,0,0,1015.6,898.62,35.33,17.59,0,-1,521,3263287,0,0,0
37.301357,-3.685112,1216.9,11,0,0,0,0,1038.9,896.08,35.36,17.61,0,-1,621,3263387,0,0,0
37.301357,-3.685112,1216.9,11,0,0,0,0,1031.3,896.9,35.63,17.5,0,-1,721,3263487,0,0,0
37.301357,-3.685112,1216.9,11,0,0,0,0,1038.9,896.08,35.36,17.67,0,-1,840,3263606,0,0,0
37.301357,-3.685112,1216.9,11,0,0,0,0,1038.1,896.17,35.29,17.58,0,-1,941,3263707,0,0,0
37.30175,-3.684811,1193.2,12,0,0,0,0,1050.5,894.82,35.38,17.59,0,-1,22,3263807,0,0,0
37.30175,-3.684811,1193.2,12,0,0,0,0,1041.4,895.81,35.4,17.56,0,-1,122,3263907,0,0,0
37.30175,-3.684811,1193.2,12,0,0,0,0,1030.9,896.95,35.43,17.6,0,-1,222,3264007,0,0,0
37.30175,-3.684811,1193.2,12,0,0,0,0,1017,898.46,35.42,17.71,0,-1,321,3264106,0,0,0
37.30175,-3.684811,1193.2,12,0,0,0,0,1035.1,896.49,35.27,17.66,12345671,-1,430,3264215,0,0,0
37.30175,-3.684811,1193.2,12,0,0,0,0,1010.1,899.22,35.27,17.75,12345672,158.29,530,3264315,0,0,0
37.30175,-3.684811,1193.2,12,0,0,0,0,1016.9,898.47,35.2,17.68,12345673,144.14,647,3264432,0,0,0
37.30175,-3.684811,1193.2,12,0,0,0,0,1013,898.9,35.34,17.77,12345674,3.83,747,3264532,0,0,0
37.30175,-3.684811,1193.2,12,0,0,0,0,1032.3,896.8,35.36,17.72,0,-1,839,3264624,0,0,0
37.301758,-3.684834,1193.2,12,0,0,0,0,1019.1,898.23,35.25,17.67,0,-1,23,3264724,0,0,0
37.301758,-3.684834,1194.6,12,0,0,0,0,985.1,901.95,35.38,17.81,0,-1,23,3264824,0,0,0
37.301758,-3.684834,1194.6,12,0,0,0,0,1014.6,898.72,35.09,17.79,0,-1,123,3264924,0,0,0
37.301758,-3.684834,1194.6,12,0,0,0,0,1018.3,898.32,35.13,17.8,0,-1,223,3265024,0,0,0
37.301758,-3.684834,1194.6,12,0,0,0,0,1029,897.15,35.42,17.88,0,-1,322,3265123,0,0,0
37.301758,-3.684834,1194.6,12,0,0,0,0,1013.4,898.86,35.27,17.93,0,-1,476,3265277,0,0,0
37.301758,-3.684834,1194.6,12,0,0,0,0,1029.2,897.13,35.13,17.82,0,-1,576,3265377,0,0,0
37.301758,-3.684834,1194.6,12,0,0,0,0,1011.5,899.06,35.31,17.69,0,-1,676,3265477,0,0,0
37.301758,-3.684834,1194.6,12,0,0,0,0,1013.4,898.86,35.33,17.8,12345671,-1,784,3265585,0,0,0
37.301743,-3.684819,1194.6,12,0,0,0,0,1019.4,898.2,35.13,17.75,12345672,155.14,31,3265687,0,0,0
37.301743,-3.684819,1194.6,12,0,0,0,0,1000.6,900.25,35.31,17.83,12345673,141.89,31,3265786,0,0,0
37.301743,-3.684819,1194.6,12,0,0,0,0,1000.9,900.22,35.18,17.81,12345674,4.1,131,3265886,0,0,0
37.301743,-3.684819,1194.6,12,0,0,0,0,1001.2,900.19,34.95,17.92,0,-1,223,3265978,0,0,0
37.301743,-3.684819,1194.6,12,0,0,0,0,993.3,901.05,35.18,17.92,0,-1,323,3266078,0,0,0
37.301743,-3.684819,1194.6,12,0,0,0,0,1009.7,899.26,35.29,17.94,0,-1,423,3266178,0,0,0
37.301743,-3.684819,1194.6,12,0,0,0,0,1003.7,899.91,34.98,17.66,0,-1,523,3266278,0,0,0
37.301743,-3.684819,1194.6,12,0,0,0,0,1004.9,899.78,35.2,17.95,0,-1,623,3266378,0,0,0
37.301743,-3.684819,1194.6,12,0,0,0,0,1014.2,898.77,34.95,17.83,0,-1,723,3266478,0,0,0
37.301743,-3.684819,1194.6,12,0,0,0,0,996.3,900.72,35.31,17.93,0,-1,824,3266579,0,0,0
37.301758,-3.68482,1194.6,12,0,0,0,0,983.1,902.16,35.2,18.04,0,-1,22,3266679,0,0,0
37.301758,-3.68482,1194.6,12,0,0,0,0,998,900.54,35.06,18.05,0,-1,122,3266779,0,0,0
37.301758,-3.68482,1194.6,12,0,0,0,0,1004.5,899.83,35.06,17.95,12345671,-1,258,3266915,0,0,0
37.301758,-3.68482,1194.6,12,0,0,0,0,1002.7,900.02,35.09,18.06,12345672,152.03,358,3267015,0,0,0
37.301758,-3.68482,1194.6,12,0,0,0,0,968.3,903.78,35.18,18.17,12345673,144.1,458,3267115,0,0,0
37.301758,-3.68482,1194.6,12,0,0,0,0,996.1,900.74,35.04,18.15,12345674,3.2,558,3267215,0,0,0
37.301758,-3.68482,1194.6,12,0,0,0,0,984,902.07,35.27,18.28,0,-1,649,3267306,0,0,0
37.301758,-3.68482,1194.6,12,0,0,0,0,981,902.39,35.25,18.3,0,-1,749,3267406,0,0,0
37.301758,-3.68482,1194.6,12,0,0,0,0,983.9,902.08,35.11,18.4,0,-1,849,3267506,0,0,0
37.301758,-3.68482,1194.6,12,0,0,0,0,976.2,902.92,35,18.43,0,-1,949,3267606,0,0,0
37.301758,-3.684832,1194.6,12,0,0,0,0,980.6,902.44,35.06,18.58,0,-1,23,3267722,0,0,0
37.301758,-3.684832,1196.7,12,0,0,0,0,980.2,902.48,35.07,18.71,0,-1,23,3267821,0,0,0
37.301758,-3.684832,1196.7,12,0,0,0,0,978.5,902.67,35.22,18.78,0,-1,123,3267921,0,0,0
37.301758,-3.684832,1196.7,12,0,0,0,0,992.8,901.1,34.87,18.89,0,-1,223,3268021,0,0,0
37.301758,-3.684832,1196.7,12,0,0,0,0,1003.6,899.92,34.87,18.85,0,-1,322,3268120,0,0,0
37.301758,-3.684832,1196.7,12,0,0,0,0,994.3,900.94,34.96,18.95,12345671,-1,430,3268228,0,0,0
37.301758,-3.684832,1196.7,12,0,0,0,0,970.8,903.51,34.95,19.13,0,-1,522,3268320,0,0,0
37.301758,-3.684832,1196.7,12,0,0,0,0,969.1,903.7,35.15,19.09,0,-1,649,3268447,0,0,0
37.301758,-3.684832,1196.7,12,0,0,0,0,956,905.13,35.09,19.22,0,-1,757,3268555,0,0,0
37.30175,-3.684843,1196.7,12,0,0,0,0,982.5,902.23,35.29,19.2,0,-1,22,3268656,0,0,0
37.30175,-3.684843,1197.9,11,0,0,0,0,970.1,903.59,35.09,19.13,0,-1,22,3268756,0,0,0
37.30175,-3.684843,1197.9,11,0,0,0,0,995.1,900.85,35.09,19.22,0,-1,122,3268856,0,0,0
37.30175,-3.684843,1197.9,11,0,0,0,0,978.7,902.64,34.98,19.21,0,-1,222,3268956,0,0,0
37.30175,-3.684843,1197.9,11,0,0,0,0,971.1,903.48,34.93,19.34,0,-1,322,3269056,0,0,0
37.30175,-3.684843,1197.9,11,0,0,0,0,962.5,904.42,34.98,19.42,0,-1,423,3269157,0,0,0
37.30175,-3.684843,1197.9,11,0,0,0,0,984.9,901.97,34.95,19.32,12345672,-1,531,3269265,0,0,0
37.30175,-3.684843,1197.9,11,0,0,0,0,964.2,904.23,34.95,19.38,12345673,132.29,645,3269379,0,0,0
37.30175,-3.684843,1197.9,11,0,0,0,0,967.4,903.88,34.78,19.45,12345674,3.2,744,3269478,0,0,0
37.30175,-3.684843,1197.9,11,0,0,0,0,955.6,905.17,35.11,19.62,12345671,176.37,845,3269579,0,0,0
37.30175,-3.684843,1197.9,11,0,0,0,0,966.6,903.97,35.27,19.48,0,-1,935,3269669,0,0,0
37.30175,-3.684843,1197.9,11,0,0,0,0,960.7,904.62,35.02,19.61,0,-1,1036,3269770,0,0,0
37.301868,-3.684754,1183.1,12,0,0,0,0,974.3,903.13,34.71,19.68,0,-1,22,3269870,0,0,0
37.301868,-3.684754,1183.1,12,0,0,0,0,942.6,906.6,35.06,19.6,0,-1,122,3269970,0,0,0
37.301868,-3.684754,1183.1,12,0,0,0,0,957.4,904.98,34.86,19.76,0,-1,221,3270069,0,0,0
37.301868,-3.684754,1183.1,12,0,0,0,0,963.3,904.33,35.33,19.75,0,-1,343,3270191,0,0,0
37.301868,-3.684754,1183.1,12,0,0,0,0,962.2,904.45,35.16,19.73,0,-1,443,3270291,0,0,0
37.301868,-3.684754,1183.1,12,0,0,0,0,956,905.13,35.04,19.83,0,-1,543,3270391,0,0,0
37.301868,-3.684754,1183.1,12,0,0,0,0,940.1,906.88,34.86,19.71,0,-1,643,3270491,0,0,0
37.301868,-3.684754,1183.1,12,0,0,0,0,957,905.02,34.93,19.86,12345672,-1,752,3270600,0,0,0
37.301918,-3.684719,1183.1,12,0,0,0,0,953,905.46,34.8,19.95,12345673,127.19,31,3270701,0,0,0
37.301918,-3.684719,1169.3,12,0,0,0,0,953.8,905.37,35.09,19.93,0,-1,22,3270792,0,0,0
37.301918,-3.684719,1169.3,12,0,0,0,0,959.9,904.7,34.95,20.07,0,-1,121,3270891,0,0,0
37.301918,-3.684719,1169.3,12,0,0,0,0,943.3,906.52,34.96,20.02,0,-1,247,3271017,0,0,0
37.301918,-3.684719,1169.3,12,0,0,0,0,937.9,907.12,34.91,20.08,0,-1,347,3271117,0,0,0
37.301918,-3.684719,1169.3,12,0,0,0,0,929,908.1,35.09,20.09,0,-1,446,3271216,0,0,0
37.301918,-3.684719,1169.3,12,0,0,0,0,944.8,906.36,35,20.13,0,-1,546,3271316,0,0,0
37.301918,-3.684719,1169.3,12,0,0,0,0,945.1,906.33,34.82,20.25,0,-1,646,3271416,0,0,0
37.301918,-3.684719,1169.3,12,0,0,0,0,937.2,907.19,35.16,20.2,0,-1,746,3271516,0,0,0
37.30191,-3.684694,1169.3,12,0,0,0,0,936.9,907.23,34.96,20.35,0,-1,23,3271639,0,0,0
37.30191,-3.684694,1169.3,12,0,0,0,0,945.7,906.26,34.73,20.46,12345674,-1,131,3271747,0,0,0
37.30191,-3.684694,1169.3,12,0,0,0,0,935.1,907.43,35,20.6,0,-1,244,3271860,0,0,0
37.30191,-3.684694,1169.3,12,0,0,0,0,930.2,907.96,34.64,20.75,0,-1,344,3271960,0,0,0
37.30191,-3.684694,1169.3,12,0,0,0,0,942.9,906.57,34.87,20.55,0,-1,444,3272060,0,0,0
37.30191,-3.684694,1169.3,12,0,0,0,0,937.5,907.16,34.77,20.81,0,-1,543,3272159,0,0,0
37.30191,-3.684694,1169.3,12,0,0,0,0,946.4,906.18,34.75,21.04,0,-1,643,3272259,0,0,0
37.30191,-3.684694,1169.3,12,0,0,0,0,944.3,906.42,34.69,21.07,0,-1,743,3272359,0,0,0
37.30191,-3.684694,1169.3,12,0,0,0,0,939.3,906.96,34.89,21.17,0,-1,843,3272459,0,0,0
37.30191,-3.684694,1169.3,12,0,0,0,0,938.5,907.05,34.6,21,0,-1,944,3272560,0,0,0